Location,Date,Time,Weather,Temperature (°C),Humidity (%),Wind (km/h),Pressure (mb),PM2.5 (µg/m³),Pm10 (µg/m³),AQI Value
stampfenbachstrasse,23/03/2021,10:00:00,Clear sky,3.00,65.00,3.70,1025.00,16,24.30,59.00
stampfenbachstrasse,23/03/2021,11:00:01,Clear sky,3.00,65.00,3.70,1025.00,14,20.90,55.00
stampfenbachstrasse,23/03/2021,12:00:01,Clear sky,7.00,57.00,14.80,1025.00,12,17.30,50.00
stampfenbachstrasse,23/03/2021,13:00:01,Clear sky,7.00,57.00,14.80,1025.00,N/A,N/A,27.00
stampfenbachstrasse,23/03/2021,14:00:01,Clear sky,9.00,40.00,11.10,1025.00,11,16.20,45.00
stampfenbachstrasse,23/03/2021,15:00:01,Clear sky,9.00,40.00,11.10,1025.00,10,15.00,41.00
stampfenbachstrasse,23/03/2021,16:00:01,Clear sky,10.00,43.00,7.40,1024.00,8,12.70,33.00
stampfenbachstrasse,23/03/2021,17:00:01,Clear sky,10.00,43.00,7.40,1024.00,6,10.50,30.00
stampfenbachstrasse,23/03/2021,18:00:01,Clear sky,9.00,43.00,9.30,1024.00,8,12.00,33.00
stampfenbachstrasse,23/03/2021,19:00:01,Clear sky,9.00,43.00,9.30,1024.00,7,11.10,29.00
stampfenbachstrasse,23/03/2021,20:00:01,Few clouds,7.00,46.00,3.70,1024.00,8,12.20,33.00
stampfenbachstrasse,23/03/2021,21:00:01,Few clouds,7.00,46.00,3.70,1024.00,8,12.20,33.00
stampfenbachstrasse,23/03/2021,22:00:01,Broken clouds,3.00,65.00,1.80,1025.00,8,11.90,33.00
stampfenbachstrasse,23/03/2021,23:00:01,Broken clouds,3.00,65.00,1.80,1025.00,10,14.00,41.00
stampfenbachstrasse,24/03/2021,00:00:01,Scattered clouds,1.00,75.00,2.70,1025.00,8,12.40,33.00
stampfenbachstrasse,24/03/2021,01:00:01,Scattered clouds,1.00,75.00,2.70,1025.00,8,12.40,33.00
stampfenbachstrasse,24/03/2021,02:00:01,Scattered clouds,0.00,80.00,2.30,1025.00,10,13.70,41.00
stampfenbachstrasse,24/03/2021,03:00:01,Scattered clouds,0.00,80.00,2.30,1025.00,9,12.90,37.00
stampfenbachstrasse,24/03/2021,04:00:01,Clear sky,-1.00,93.00,2.10,1025.00,10,13.70,41.00
stampfenbachstrasse,24/03/2021,05:00:01,Clear sky,-1.00,93.00,2.10,1025.00,10,13.70,41.00
stampfenbachstrasse,24/03/2021,06:00:01,Clear sky,-1.00,86.00,1.70,1025.00,10,13.60,41.00
stampfenbachstrasse,24/03/2021,07:00:01,Clear sky,-1.00,86.00,1.70,1025.00,10,14.80,41.00
stampfenbachstrasse,24/03/2021,08:00:01,Clear sky,-1.00,86.00,2.30,1025.00,N/A,14.80,13.00
stampfenbachstrasse,24/03/2021,09:00:01,Clear sky,-1.00,86.00,2.30,1025.00,14,19.90,55.00
stampfenbachstrasse,24/03/2021,10:00:01,Clear sky,4.00,75.00,1.70,1026.00,18,25.20,63.00
stampfenbachstrasse,24/03/2021,11:00:01,Clear sky,4.00,75.00,1.70,1026.00,14,N/A,55.00
stampfenbachstrasse,24/03/2021,12:00:01,Clear sky,9.00,49.00,3.70,1025.00,15,22.90,57.00
stampfenbachstrasse,24/03/2021,13:00:02,Clear sky,9.00,49.00,3.70,1025.00,17,26.00,61.00
stampfenbachstrasse,24/03/2021,14:00:01,Clear sky,12.00,43.00,7.40,1024.00,11,18.90,45.00
stampfenbachstrasse,24/03/2021,15:00:01,Clear sky,12.00,43.00,7.40,1024.00,10,16.10,41.00
stampfenbachstrasse,24/03/2021,16:00:01,Clear sky,14.00,38.00,3.70,1023.00,13,18.60,53.00
stampfenbachstrasse,24/03/2021,17:00:02,Clear sky,14.00,38.00,3.70,1023.00,11,15.50,45.00
stampfenbachstrasse,24/03/2021,18:00:02,Clear sky,15.00,33.00,3.70,1022.00,10,14.30,41.00
stampfenbachstrasse,24/03/2021,19:00:01,Clear sky,15.00,33.00,3.70,1022.00,11,16.10,45.00
stampfenbachstrasse,24/03/2021,20:00:01,Scattered clouds,11.00,41.00,3.70,1022.00,11,N/A,45.00
stampfenbachstrasse,24/03/2021,21:00:01,Scattered clouds,11.00,41.00,3.70,1022.00,N/A,N/A,13.00
stampfenbachstrasse,24/03/2021,22:00:01,Clear sky,6.00,70.00,3.70,1023.00,N/A,13.40,12.00
stampfenbachstrasse,24/03/2021,23:00:01,Clear sky,6.00,70.00,3.70,1023.00,N/A,13.50,16.00
stampfenbachstrasse,25/03/2021,00:00:01,Clear sky,4.00,75.00,3.70,1023.00,7,11.00,29.00
stampfenbachstrasse,25/03/2021,01:00:01,Clear sky,4.00,75.00,3.70,1023.00,7,11.00,29.00
stampfenbachstrasse,25/03/2021,02:00:01,Clear sky,2.00,81.00,4.10,1023.00,7,10.20,29.00
stampfenbachstrasse,25/03/2021,03:00:01,Clear sky,2.00,81.00,4.10,1023.00,N/A,8.50,17.00
stampfenbachstrasse,25/03/2021,04:00:01,Scattered clouds,0.00,80.00,3.90,1022.00,6,8.60,25.00
stampfenbachstrasse,25/03/2021,05:00:01,Scattered clouds,0.00,80.00,3.90,1022.00,8,11.50,33.00
stampfenbachstrasse,25/03/2021,06:00:01,Scattered clouds,1.00,80.00,4.10,1022.00,N/A,13.00,12.00
stampfenbachstrasse,25/03/2021,07:00:01,Scattered clouds,1.00,80.00,4.10,1022.00,11,16.30,45.00
stampfenbachstrasse,25/03/2021,08:00:01,Clear sky,1.00,93.00,3.80,1022.00,7,11.30,29.00
stampfenbachstrasse,25/03/2021,09:00:01,Clear sky,3.00,80.00,2.80,1023.00,10,14.90,41.00
stampfenbachstrasse,25/03/2021,10:00:01,Clear sky,3.00,80.00,2.80,1023.00,N/A,19.60,18.00
stampfenbachstrasse,25/03/2021,11:00:01,Clear sky,8.00,57.00,3.70,1023.00,12,17.60,50.00
stampfenbachstrasse,25/03/2021,12:00:01,Clear sky,8.00,57.00,3.70,1023.00,13,20.20,53.00
stampfenbachstrasse,25/03/2021,13:00:01,Clear sky,13.00,38.00,7.20,1022.00,12,18.60,50.00
stampfenbachstrasse,25/03/2021,14:00:01,Clear sky,13.00,38.00,7.20,1022.00,11,15.50,45.00
stampfenbachstrasse,25/03/2021,15:00:01,Clear sky,16.00,33.00,3.70,1021.00,N/A,15.40,33.00
stampfenbachstrasse,25/03/2021,16:00:01,Clear sky,16.00,33.00,3.70,1021.00,8,12.20,35.00
stampfenbachstrasse,25/03/2021,17:00:01,Few clouds,15.00,36.00,9.30,1021.00,8,12.30,36.00
stampfenbachstrasse,25/03/2021,18:00:01,Few clouds,15.00,36.00,9.30,1021.00,8,N/A,34.00
stampfenbachstrasse,25/03/2021,19:00:01,Few clouds,13.00,44.00,5.50,1021.00,8,12.90,34.00
stampfenbachstrasse,25/03/2021,20:00:01,Few clouds,13.00,44.00,5.50,1021.00,N/A,N/A,35.00
stampfenbachstrasse,25/03/2021,21:00:01,Few clouds,10.00,47.00,3.70,1021.00,8,11.90,33.00
stampfenbachstrasse,25/03/2021,22:00:01,Few clouds,10.00,47.00,3.70,1021.00,7,11.00,29.00
stampfenbachstrasse,25/03/2021,23:00:01,Broken clouds,8.00,71.00,3.70,1022.00,6,9.80,25.00
stampfenbachstrasse,26/03/2021,00:00:01,Broken clouds,8.00,71.00,1.80,1023.00,6,10.80,25.00
stampfenbachstrasse,26/03/2021,01:00:01,Broken clouds,8.00,71.00,1.80,1023.00,6,10.80,25.00
stampfenbachstrasse,26/03/2021,02:00:01,Few clouds,5.00,81.00,3.00,1023.00,5,8.50,23.00
stampfenbachstrasse,26/03/2021,03:00:01,Few clouds,5.00,81.00,3.00,1023.00,5,8.30,21.00
stampfenbachstrasse,26/03/2021,04:00:01,Scattered clouds,4.00,81.00,1.80,1022.00,5,8.00,21.00
stampfenbachstrasse,26/03/2021,05:00:01,Scattered clouds,4.00,81.00,1.80,1022.00,5,7.90,21.00
stampfenbachstrasse,26/03/2021,06:00:01,Few clouds,2.00,87.00,3.70,1022.00,5,8.30,21.00
stampfenbachstrasse,26/03/2021,07:00:01,Few clouds,2.00,87.00,3.70,1022.00,N/A,8.50,8.00
stampfenbachstrasse,26/03/2021,08:00:01,Clear sky,3.00,93.00,3.20,1022.00,N/A,13.00,18.00
stampfenbachstrasse,26/03/2021,09:00:01,Clear sky,3.00,93.00,3.20,1022.00,11,15.50,45.00
stampfenbachstrasse,26/03/2021,10:00:01,Clear sky,8.00,71.00,1.80,1022.00,N/A,N/A,11.00
stampfenbachstrasse,26/03/2021,11:00:01,Clear sky,8.00,71.00,1.80,1022.00,15,22.20,57.00
stampfenbachstrasse,26/03/2021,12:00:01,Clear sky,12.00,54.00,3.70,1022.00,20,27.80,68.00
stampfenbachstrasse,26/03/2021,13:00:01,Clear sky,12.00,54.00,3.70,1022.00,17,25.30,61.00
stampfenbachstrasse,26/03/2021,14:00:01,Clear sky,15.00,39.00,1.80,1020.00,14,20.50,55.00
stampfenbachstrasse,26/03/2021,15:00:01,Clear sky,15.00,39.00,1.80,1020.00,13,18.30,53.00
stampfenbachstrasse,26/03/2021,16:00:01,Clear sky,16.00,39.00,14.80,1019.00,14,22.60,55.00
stampfenbachstrasse,26/03/2021,17:00:01,Clear sky,16.00,39.00,5.50,1018.00,N/A,N/A,38.00
stampfenbachstrasse,26/03/2021,18:00:01,Clear sky,16.00,39.00,5.50,1018.00,N/A,22.30,32.00
stampfenbachstrasse,26/03/2021,19:00:01,Broken clouds,14.00,36.00,5.70,1018.00,14,21.40,55.00
stampfenbachstrasse,26/03/2021,20:00:01,Broken clouds,14.00,36.00,5.70,1018.00,13,20.00,53.00
stampfenbachstrasse,26/03/2021,21:00:01,Broken clouds,11.00,62.00,9.30,1018.00,N/A,N/A,16.00
stampfenbachstrasse,26/03/2021,22:00:01,Broken clouds,11.00,62.00,9.30,1018.00,13,20.60,53.00
stampfenbachstrasse,26/03/2021,23:00:01,Broken clouds,10.00,66.00,11.10,1018.00,13,19.00,53.00
stampfenbachstrasse,27/03/2021,00:00:01,Broken clouds,10.00,66.00,11.10,1018.00,12,18.30,50.00
stampfenbachstrasse,27/03/2021,01:00:01,Broken clouds,9.00,71.00,13.00,1019.00,12,18.30,50.00
stampfenbachstrasse,27/03/2021,02:00:01,Broken clouds,9.00,71.00,13.00,1019.00,N/A,19.20,27.00
stampfenbachstrasse,27/03/2021,03:00:01,Rain,10.00,66.00,7.40,1019.00,10,15.40,41.00
stampfenbachstrasse,27/03/2021,04:00:01,Rain,10.00,66.00,7.40,1019.00,6,10.60,36.00
stampfenbachstrasse,27/03/2021,05:00:01,Rain,8.00,81.00,16.70,1020.00,4,7.30,36.00
stampfenbachstrasse,27/03/2021,06:00:01,Rain,8.00,81.00,16.70,1020.00,4,6.30,34.00
stampfenbachstrasse,27/03/2021,07:00:01,Rain,6.00,87.00,11.10,1022.00,3,5.30,32.00
stampfenbachstrasse,27/03/2021,08:00:01,Rain,6.00,87.00,11.10,1022.00,3,5.00,31.00
stampfenbachstrasse,27/03/2021,09:00:01,Broken clouds,5.00,75.00,20.40,1025.00,2,5.00,30.00
stampfenbachstrasse,27/03/2021,10:00:01,Broken clouds,5.00,75.00,11.10,1026.00,3,5.90,28.00
stampfenbachstrasse,27/03/2021,11:00:01,Broken clouds,5.00,75.00,11.10,1026.00,3,5.90,29.00
stampfenbachstrasse,27/03/2021,12:00:01,Broken clouds,7.00,61.00,16.70,1027.00,4,6.40,31.00
stampfenbachstrasse,27/03/2021,13:00:01,Broken clouds,7.00,61.00,16.70,1027.00,4,6.40,31.00
stampfenbachstrasse,27/03/2021,14:00:48,Broken clouds,9.00,53.00,22.20,1027.00,4,6.80,31.00
stampfenbachstrasse,27/03/2021,15:00:01,Broken clouds,9.00,53.00,22.20,1027.00,4,6.20,17.00
stampfenbachstrasse,27/03/2021,16:00:01,Scattered clouds,10.00,43.00,22.20,1027.00,4,6.60,32.00
stampfenbachstrasse,27/03/2021,17:00:01,Scattered clouds,10.00,43.00,22.20,1027.00,N/A,7.50,33.00
stampfenbachstrasse,27/03/2021,18:00:01,Broken clouds,10.00,43.00,20.40,1028.00,4,6.10,33.00
stampfenbachstrasse,27/03/2021,19:00:01,Broken clouds,10.00,43.00,20.40,1028.00,4,6.90,32.00
stampfenbachstrasse,27/03/2021,20:00:01,Broken clouds,8.00,46.00,13.00,1029.00,N/A,6.50,30.00
stampfenbachstrasse,27/03/2021,21:00:01,Broken clouds,8.00,46.00,13.00,1029.00,5,N/A,21.00
stampfenbachstrasse,27/03/2021,22:00:01,Broken clouds,4.00,70.00,3.70,1030.00,N/A,8.40,25.00
stampfenbachstrasse,27/03/2021,23:00:01,Broken clouds,4.00,70.00,3.70,1030.00,6,10.70,25.00
stampfenbachstrasse,28/03/2021,00:00:01,Broken clouds,4.00,75.00,5.50,1031.00,N/A,9.80,18.00
stampfenbachstrasse,28/03/2021,01:00:01,Broken clouds,5.00,75.00,3.70,1031.00,N/A,9.80,18.00
stampfenbachstrasse,28/03/2021,03:00:01,Broken clouds,5.00,75.00,3.70,1031.00,6,9.80,25.00
stampfenbachstrasse,28/03/2021,04:00:01,Scattered clouds,3.00,75.00,3.70,1031.00,6,9.80,25.00
stampfenbachstrasse,28/03/2021,05:00:01,Scattered clouds,3.00,75.00,3.70,1031.00,6,9.90,25.00
stampfenbachstrasse,28/03/2021,06:00:01,Few clouds,1.00,86.00,3.00,1030.00,5,8.70,21.00
stampfenbachstrasse,28/03/2021,07:00:01,Few clouds,1.00,86.00,3.00,1030.00,N/A,8.30,15.00
stampfenbachstrasse,28/03/2021,08:00:01,Scattered clouds,0.00,86.00,0.70,1031.00,N/A,8.70,8.00
stampfenbachstrasse,28/03/2021,09:00:01,Scattered clouds,0.00,86.00,0.70,1031.00,6,9.80,25.00
stampfenbachstrasse,28/03/2021,10:00:01,Broken clouds,3.00,86.00,1.80,1032.00,N/A,10.40,9.00
stampfenbachstrasse,28/03/2021,11:00:01,Broken clouds,3.00,86.00,1.80,1032.00,6,9.50,25.00
stampfenbachstrasse,28/03/2021,12:00:01,Broken clouds,8.00,65.00,3.70,1032.00,6,8.90,25.00
stampfenbachstrasse,28/03/2021,13:00:01,Broken clouds,8.00,65.00,3.70,1032.00,6,8.90,25.00
stampfenbachstrasse,28/03/2021,14:00:02,Broken clouds,11.00,43.00,1.80,1032.00,6,8.60,29.00
stampfenbachstrasse,28/03/2021,15:00:01,Broken clouds,11.00,43.00,1.80,1032.00,5,7.80,33.00
stampfenbachstrasse,28/03/2021,16:00:01,Broken clouds,13.00,38.00,7.40,1031.00,5,8.90,33.00
stampfenbachstrasse,28/03/2021,17:00:01,Broken clouds,13.00,38.00,7.40,1031.00,N/A,9.20,34.00
stampfenbachstrasse,28/03/2021,18:00:01,Broken clouds,16.00,29.00,9.30,1030.00,N/A,9.50,38.00
stampfenbachstrasse,28/03/2021,19:00:01,Broken clouds,16.00,31.00,9.30,1030.00,6,9.90,37.00
stampfenbachstrasse,28/03/2021,20:00:01,Broken clouds,13.00,36.00,7.40,1030.00,5,9.90,36.00
stampfenbachstrasse,28/03/2021,21:00:01,Broken clouds,13.00,36.00,7.40,1030.00,5,9.90,36.00
stampfenbachstrasse,28/03/2021,22:00:01,Broken clouds,9.00,57.00,5.50,1031.00,6,10.20,25.00
stampfenbachstrasse,28/03/2021,23:00:02,Broken clouds,9.00,57.00,5.50,1031.00,8,12.90,33.00
stampfenbachstrasse,29/03/2021,00:00:01,Broken clouds,6.00,75.00,5.50,1032.00,N/A,N/A,14.00
stampfenbachstrasse,29/03/2021,01:00:02,Broken clouds,6.00,75.00,5.50,1032.00,N/A,N/A,14.00
stampfenbachstrasse,29/03/2021,02:00:01,Broken clouds,5.00,75.00,5.10,1033.00,N/A,N/A,14.00
stampfenbachstrasse,29/03/2021,03:00:01,Broken clouds,5.00,75.00,5.10,1033.00,7,10.30,29.00
stampfenbachstrasse,29/03/2021,04:00:01,Broken clouds,5.00,75.00,5.10,1033.00,N/A,9.40,23.00
stampfenbachstrasse,29/03/2021,05:00:01,Broken clouds,3.00,87.00,1.80,1032.00,N/A,9.20,21.00
stampfenbachstrasse,29/03/2021,06:00:01,Broken clouds,3.00,87.00,1.80,1032.00,5,7.30,21.00
stampfenbachstrasse,29/03/2021,07:00:01,Broken clouds,2.00,93.00,3.90,1033.00,6,8.40,25.00
stampfenbachstrasse,29/03/2021,08:00:01,Broken clouds,2.00,93.00,3.90,1033.00,6,8.70,25.00
stampfenbachstrasse,29/03/2021,09:00:01,Clear sky,3.00,80.00,3.10,1033.00,N/A,10.10,11.00
stampfenbachstrasse,29/03/2021,10:00:01,Clear sky,3.00,80.00,3.10,1033.00,8,11.50,33.00
stampfenbachstrasse,29/03/2021,11:00:01,Clear sky,10.00,61.00,1.00,1034.00,N/A,12.60,17.00
stampfenbachstrasse,29/03/2021,12:00:01,Clear sky,10.00,61.00,1.00,1034.00,6,10.70,25.00
stampfenbachstrasse,29/03/2021,13:00:01,Clear sky,14.00,41.00,3.70,1034.00,N/A,15.10,22.00
stampfenbachstrasse,29/03/2021,14:00:02,Clear sky,14.00,41.00,3.70,1034.00,8,11.70,33.00
stampfenbachstrasse,29/03/2021,15:00:01,Clear sky,14.00,41.00,3.70,1034.00,N/A,13.00,29.00
stampfenbachstrasse,29/03/2021,16:00:01,Clear sky,18.00,26.00,1.80,1033.00,N/A,14.00,32.00
stampfenbachstrasse,29/03/2021,17:00:02,Clear sky,18.00,26.00,1.80,1033.00,10,14.10,41.00
stampfenbachstrasse,29/03/2021,18:00:02,Clear sky,18.00,26.00,1.80,1033.00,N/A,11.30,33.00
stampfenbachstrasse,29/03/2021,19:00:01,Few clouds,20.00,18.00,2.60,1032.00,N/A,9.40,31.00
stampfenbachstrasse,29/03/2021,20:00:01,Few clouds,20.00,18.00,2.60,1032.00,7,9.00,32.00
stampfenbachstrasse,29/03/2021,21:00:01,Broken clouds,16.00,25.00,1.80,1032.00,N/A,9.20,25.00
stampfenbachstrasse,29/03/2021,22:00:01,Broken clouds,16.00,25.00,1.80,1032.00,8,10.60,33.00
stampfenbachstrasse,29/03/2021,23:00:01,Scattered clouds,10.00,54.00,4.20,1032.00,N/A,10.20,11.00
stampfenbachstrasse,30/03/2021,00:00:01,Scattered clouds,10.00,54.00,4.20,1032.00,7,11.10,29.00
stampfenbachstrasse,30/03/2021,01:00:01,Few clouds,7.00,76.00,3.20,1032.00,7,11.10,29.00
stampfenbachstrasse,30/03/2021,02:00:01,Few clouds,7.00,76.00,3.20,1032.00,7,11.10,29.00
stampfenbachstrasse,30/03/2021,03:00:01,Few clouds,5.00,75.00,2.30,1033.00,6,8.40,25.00
stampfenbachstrasse,30/03/2021,04:00:01,Few clouds,5.00,75.00,2.30,1033.00,6,8.60,25.00
stampfenbachstrasse,30/03/2021,05:00:01,Few clouds,5.00,75.00,2.30,1033.00,N/A,8.50,8.00
stampfenbachstrasse,30/03/2021,06:00:01,Few clouds,5.00,81.00,2.10,1032.00,N/A,9.40,9.00
stampfenbachstrasse,30/03/2021,07:00:01,Few clouds,5.00,81.00,2.10,1032.00,N/A,8.80,8.00
stampfenbachstrasse,30/03/2021,08:00:01,Few clouds,5.00,81.00,2.10,1032.00,N/A,9.20,10.00
stampfenbachstrasse,30/03/2021,09:00:01,Clear sky,5.00,87.00,2.40,1033.00,N/A,12.20,11.00
stampfenbachstrasse,30/03/2021,10:00:01,Clear sky,5.00,87.00,2.40,1033.00,N/A,20.00,18.00
stampfenbachstrasse,30/03/2021,11:00:01,Clear sky,10.00,66.00,2.20,1033.00,N/A,21.00,19.00
stampfenbachstrasse,30/03/2021,12:00:01,Clear sky,10.00,66.00,2.20,1033.00,16,22.50,59.00
stampfenbachstrasse,30/03/2021,13:00:01,Clear sky,16.00,41.00,4.00,1033.00,N/A,21.90,20.00
stampfenbachstrasse,30/03/2021,14:00:01,Clear sky,16.00,41.00,4.00,1033.00,14,20.50,55.00
stampfenbachstrasse,30/03/2021,15:00:01,Clear sky,18.00,42.00,3.70,1031.00,N/A,15.40,24.00
stampfenbachstrasse,30/03/2021,16:00:01,Clear sky,18.00,42.00,3.70,1031.00,11,15.90,45.00
stampfenbachstrasse,30/03/2021,17:00:01,Clear sky,18.00,42.00,3.70,1031.00,N/A,15.90,35.00
stampfenbachstrasse,30/03/2021,18:00:01,Clear sky,21.00,30.00,5.50,1029.00,N/A,14.80,35.00
stampfenbachstrasse,30/03/2021,19:00:01,Clear sky,21.00,30.00,5.50,1029.00,N/A,13.00,34.00
stampfenbachstrasse,30/03/2021,20:00:01,Clear sky,21.00,30.00,5.50,1029.00,N/A,12.20,11.00
stampfenbachstrasse,30/03/2021,21:00:01,Clear sky,17.00,32.00,3.10,1028.00,N/A,10.80,26.00
stampfenbachstrasse,30/03/2021,22:00:01,Clear sky,17.00,32.00,3.10,1028.00,10,N/A,41.00
stampfenbachstrasse,30/03/2021,23:00:01,Clear sky,11.00,58.00,5.50,1028.00,8,12.80,33.00
stampfenbachstrasse,31/03/2021,00:00:01,Clear sky,11.00,58.00,5.50,1028.00,8,13.10,33.00
stampfenbachstrasse,31/03/2021,01:00:01,Few clouds,8.00,76.00,2.60,1028.00,8,13.10,33.00
stampfenbachstrasse,31/03/2021,02:00:01,Few clouds,8.00,76.00,2.60,1028.00,8,13.10,33.00
stampfenbachstrasse,31/03/2021,03:00:01,Few clouds,6.00,75.00,1.80,1028.00,9,N/A,37.00
stampfenbachstrasse,31/03/2021,04:00:01,Few clouds,6.00,75.00,1.80,1028.00,N/A,12.70,12.00
stampfenbachstrasse,31/03/2021,05:00:01,Scattered clouds,7.00,87.00,3.70,1027.00,N/A,12.30,11.00
stampfenbachstrasse,31/03/2021,06:00:01,Scattered clouds,7.00,87.00,3.70,1027.00,8,11.50,33.00
stampfenbachstrasse,31/03/2021,07:00:01,Scattered clouds,7.00,87.00,3.70,1027.00,N/A,10.90,10.00
stampfenbachstrasse,31/03/2021,08:00:01,Clear sky,6.00,87.00,2.60,1027.00,N/A,12.70,12.00
stampfenbachstrasse,31/03/2021,09:00:01,Clear sky,6.00,87.00,2.60,1027.00,11,16.60,45.00
stampfenbachstrasse,31/03/2021,10:00:01,Clear sky,6.00,87.00,2.60,1027.00,N/A,20.90,19.00
stampfenbachstrasse,31/03/2021,11:00:01,Clear sky,13.00,62.00,0.60,1027.00,N/A,21.70,20.00
stampfenbachstrasse,31/03/2021,12:00:01,Clear sky,13.00,62.00,0.60,1027.00,12,19.00,50.00
stampfenbachstrasse,31/03/2021,13:00:01,Few clouds,17.00,42.00,2.40,1026.00,12,17.20,50.00
stampfenbachstrasse,31/03/2021,14:00:02,Few clouds,17.00,42.00,2.40,1026.00,N/A,N/A,25.00
stampfenbachstrasse,31/03/2021,15:00:01,Clear sky,20.00,35.00,7.40,1025.00,N/A,29.90,30.00
stampfenbachstrasse,31/03/2021,16:00:02,Clear sky,20.00,35.00,7.40,1025.00,N/A,N/A,37.00
stampfenbachstrasse,31/03/2021,17:00:01,Clear sky,22.00,33.00,3.70,1023.00,N/A,28.40,41.00
stampfenbachstrasse,31/03/2021,18:00:01,Clear sky,22.00,33.00,3.70,1023.00,N/A,N/A,40.00
stampfenbachstrasse,31/03/2021,19:00:01,Clear sky,23.00,27.00,5.50,1022.00,N/A,N/A,41.00
stampfenbachstrasse,31/03/2021,20:00:01,Clear sky,23.00,27.00,5.50,1022.00,13,21.00,53.00
stampfenbachstrasse,31/03/2021,21:00:23,Clear sky,23.00,27.00,5.50,1022.00,N/A,20.60,26.00
stampfenbachstrasse,31/03/2021,22:00:02,Clear sky,15.00,51.00,6.10,1022.00,N/A,N/A,8.00
stampfenbachstrasse,31/03/2021,23:00:02,Clear sky,15.00,51.00,6.10,1022.00,14,21.90,55.00
stampfenbachstrasse,01/04/2021,00:00:02,Clear sky,15.00,51.00,6.10,1022.00,N/A,23.10,25.00
stampfenbachstrasse,01/04/2021,01:00:02,Few clouds,11.00,71.00,1.80,1022.00,N/A,23.10,25.00
stampfenbachstrasse,01/04/2021,02:00:02,Few clouds,11.00,71.00,1.80,1022.00,N/A,23.10,25.00
stampfenbachstrasse,01/04/2021,03:00:02,Few clouds,10.00,71.00,3.60,1022.00,11,16.50,45.00
stampfenbachstrasse,01/04/2021,04:00:02,Few clouds,10.00,71.00,3.60,1022.00,10,14.40,41.00
stampfenbachstrasse,01/04/2021,05:00:02,Broken clouds,8.00,81.00,3.30,1022.00,N/A,15.40,16.00
stampfenbachstrasse,01/04/2021,06:00:02,Broken clouds,8.00,81.00,3.30,1022.00,11,15.60,45.00
stampfenbachstrasse,01/04/2021,07:00:02,Broken clouds,8.00,75.00,3.70,1021.00,N/A,14.90,14.00
stampfenbachstrasse,01/04/2021,08:00:02,Broken clouds,8.00,75.00,3.70,1021.00,11,16.10,45.00
stampfenbachstrasse,01/04/2021,09:00:02,Clear sky,8.00,75.00,3.00,1022.00,N/A,19.50,18.00
stampfenbachstrasse,01/04/2021,10:00:02,Clear sky,8.00,75.00,3.00,1022.00,N/A,37.20,34.00
stampfenbachstrasse,01/04/2021,11:00:02,Clear sky,8.00,75.00,3.00,1022.00,N/A,21.80,20.00
stampfenbachstrasse,01/04/2021,12:00:02,Clear sky,16.00,41.00,7.40,1022.00,N/A,24.20,22.00
stampfenbachstrasse,01/04/2021,13:00:02,Clear sky,16.00,41.00,7.40,1022.00,N/A,32.60,30.00
stampfenbachstrasse,01/04/2021,14:00:02,Clear sky,20.00,37.00,2.20,1021.00,N/A,24.10,24.00
stampfenbachstrasse,01/04/2021,15:00:02,Clear sky,20.00,37.00,2.20,1021.00,14,20.30,55.00
stampfenbachstrasse,01/04/2021,16:00:02,Clear sky,22.00,31.00,7.40,1019.00,14,22.10,55.00
stampfenbachstrasse,01/04/2021,17:00:02,Clear sky,22.00,31.00,7.40,1019.00,N/A,24.10,42.00
stampfenbachstrasse,01/04/2021,18:00:02,Clear sky,23.00,27.00,3.70,1018.00,N/A,21.10,45.00
stampfenbachstrasse,01/04/2021,19:00:02,Clear sky,23.00,27.00,3.70,1018.00,12,19.10,50.00
stampfenbachstrasse,01/04/2021,20:00:02,Few clouds,21.00,28.00,9.30,1017.00,N/A,18.70,43.00
stampfenbachstrasse,01/04/2021,21:00:02,Few clouds,21.00,28.00,9.30,1017.00,11,17.20,45.00
stampfenbachstrasse,01/04/2021,22:00:02,Broken clouds,16.00,55.00,5.10,1017.00,N/A,18.60,23.00
stampfenbachstrasse,01/04/2021,23:00:02,Broken clouds,16.00,55.00,5.10,1017.00,16,24.60,59.00
stampfenbachstrasse,02/04/2021,00:00:02,Broken clouds,16.00,55.00,5.10,1017.00,N/A,25.20,23.00
stampfenbachstrasse,02/04/2021,01:00:02,Few clouds,12.00,66.00,0.40,1018.00,N/A,25.20,23.00
stampfenbachstrasse,02/04/2021,02:00:02,Few clouds,12.00,66.00,0.40,1018.00,N/A,25.20,23.00
stampfenbachstrasse,02/04/2021,03:00:02,Broken clouds,10.00,71.00,1.50,1018.00,17,23.10,61.00
stampfenbachstrasse,02/04/2021,04:00:02,Broken clouds,10.00,71.00,1.50,1018.00,14,20.70,55.00
stampfenbachstrasse,02/04/2021,05:00:02,Broken clouds,9.00,76.00,1.30,1018.00,N/A,19.30,18.00
stampfenbachstrasse,02/04/2021,06:00:02,Broken clouds,9.00,76.00,1.30,1018.00,13,19.10,53.00
stampfenbachstrasse,02/04/2021,07:00:02,Few clouds,7.00,87.00,2.10,1018.00,N/A,23.30,21.00
stampfenbachstrasse,02/04/2021,08:00:02,Few clouds,7.00,87.00,2.10,1018.00,17,24.90,61.00
stampfenbachstrasse,02/04/2021,09:00:02,Clear sky,8.00,87.00,1.20,1018.00,N/A,29.80,27.00
stampfenbachstrasse,02/04/2021,10:00:02,Clear sky,8.00,87.00,1.20,1018.00,25,N/A,78.00
stampfenbachstrasse,02/04/2021,11:00:02,Clear sky,8.00,87.00,1.20,1018.00,N/A,45.10,41.00
stampfenbachstrasse,02/04/2021,12:00:02,Few clouds,14.00,62.00,5.50,1018.00,N/A,49.10,45.00
stampfenbachstrasse,02/04/2021,13:00:02,Few clouds,14.00,62.00,5.50,1018.00,33,44.10,95.00
stampfenbachstrasse,02/04/2021,14:00:02,Scattered clouds,16.00,51.00,3.70,1017.00,N/A,44.60,41.00
stampfenbachstrasse,02/04/2021,15:00:02,Scattered clouds,16.00,51.00,3.70,1017.00,33,45.00,95.00
stampfenbachstrasse,02/04/2021,16:00:02,Broken clouds,18.00,45.00,3.70,1016.00,N/A,46.60,45.00
stampfenbachstrasse,02/04/2021,17:00:02,Broken clouds,18.00,45.00,3.70,1016.00,33,46.50,95.00
stampfenbachstrasse,02/04/2021,18:00:02,Few clouds,18.00,48.00,14.80,1015.00,N/A,39.00,44.00
stampfenbachstrasse,02/04/2021,19:00:02,Few clouds,18.00,48.00,14.80,1015.00,26,36.10,80.00
stampfenbachstrasse,02/04/2021,20:00:02,Broken clouds,15.00,51.00,18.50,1016.00,N/A,28.40,26.00
stampfenbachstrasse,02/04/2021,21:00:02,Broken clouds,15.00,51.00,18.50,1016.00,18,26.20,63.00
stampfenbachstrasse,02/04/2021,22:00:02,Broken clouds,12.00,47.00,20.40,1018.00,N/A,23.50,27.00
stampfenbachstrasse,02/04/2021,23:00:02,Broken clouds,12.00,47.00,20.40,1018.00,13,19.10,53.00
stampfenbachstrasse,03/04/2021,00:00:02,Scattered clouds,10.00,50.00,16.70,1019.00,N/A,12.00,32.00
stampfenbachstrasse,03/04/2021,01:00:02,Scattered clouds,10.00,50.00,16.70,1019.00,N/A,12.00,32.00
stampfenbachstrasse,03/04/2021,02:00:02,Broken clouds,7.00,61.00,7.40,1019.00,N/A,12.00,32.00
stampfenbachstrasse,03/04/2021,03:00:02,Broken clouds,7.00,61.00,7.40,1019.00,9,14.40,37.00
stampfenbachstrasse,03/04/2021,04:00:02,Scattered clouds,5.00,65.00,3.70,1019.00,N/A,12.80,25.00
stampfenbachstrasse,03/04/2021,05:00:02,Scattered clouds,5.00,65.00,3.70,1019.00,8,13.00,33.00
stampfenbachstrasse,03/04/2021,06:00:02,Few clouds,4.00,75.00,7.40,1020.00,N/A,16.40,22.00
stampfenbachstrasse,03/04/2021,08:00:02,Broken clouds,4.00,75.00,5.50,1020.00,N/A,19.60,18.00
stampfenbachstrasse,03/04/2021,09:00:02,Broken clouds,4.00,75.00,5.50,1020.00,13,18.70,53.00
stampfenbachstrasse,03/04/2021,10:00:02,Broken clouds,4.00,75.00,5.50,1020.00,N/A,17.00,20.00
stampfenbachstrasse,03/04/2021,11:00:02,Broken clouds,4.00,65.00,20.40,1022.00,N/A,16.40,24.00
stampfenbachstrasse,03/04/2021,12:00:02,Broken clouds,4.00,65.00,20.40,1022.00,11,16.30,45.00
stampfenbachstrasse,03/04/2021,13:00:02,Broken clouds,4.00,65.00,20.40,1022.00,N/A,15.20,28.00
stampfenbachstrasse,03/04/2021,14:00:02,Few clouds,7.00,61.00,22.20,1022.00,N/A,13.60,12.00
stampfenbachstrasse,03/04/2021,15:00:02,Few clouds,7.00,61.00,22.20,1022.00,8,12.90,33.00
stampfenbachstrasse,03/04/2021,16:00:02,Broken clouds,9.00,46.00,22.20,1022.00,N/A,11.70,32.00
stampfenbachstrasse,03/04/2021,17:00:02,Broken clouds,9.00,46.00,22.20,1022.00,8,11.50,33.00
stampfenbachstrasse,03/04/2021,18:00:02,Few clouds,9.00,46.00,20.40,1022.00,N/A,12.00,33.00
stampfenbachstrasse,03/04/2021,19:00:02,Few clouds,9.00,46.00,20.40,1022.00,7,11.10,34.00
stampfenbachstrasse,03/04/2021,20:00:02,Few clouds,8.00,43.00,18.50,1021.00,N/A,10.60,33.00
stampfenbachstrasse,03/04/2021,21:00:02,Few clouds,8.00,43.00,18.50,1021.00,7,10.90,32.00
stampfenbachstrasse,03/04/2021,22:00:02,Clear sky,5.00,52.00,7.40,1022.00,N/A,N/A,29.00
stampfenbachstrasse,03/04/2021,23:00:02,Clear sky,5.00,52.00,7.40,1022.00,7,10.70,29.00
stampfenbachstrasse,04/04/2021,00:00:02,Clear sky,5.00,52.00,7.40,1022.00,N/A,10.80,26.00
stampfenbachstrasse,04/04/2021,01:00:02,Clear sky,3.00,60.00,11.10,1022.00,N/A,10.80,26.00
stampfenbachstrasse,04/04/2021,02:00:02,Clear sky,3.00,60.00,11.10,1022.00,N/A,10.80,26.00
stampfenbachstrasse,04/04/2021,03:00:02,Clear sky,3.00,60.00,11.10,1022.00,N/A,10.70,26.00
stampfenbachstrasse,04/04/2021,04:00:02,Clear sky,1.00,65.00,9.30,1022.00,N/A,10.50,26.00
stampfenbachstrasse,04/04/2021,05:00:02,Clear sky,1.00,65.00,9.30,1022.00,N/A,10.70,24.00
stampfenbachstrasse,04/04/2021,06:00:02,Clear sky,1.00,70.00,11.10,1021.00,N/A,11.10,22.00
stampfenbachstrasse,04/04/2021,07:00:02,Clear sky,1.00,70.00,11.10,1021.00,N/A,11.30,20.00
stampfenbachstrasse,04/04/2021,08:00:02,Clear sky,0.00,75.00,9.30,1021.00,N/A,N/A,18.00
stampfenbachstrasse,04/04/2021,09:00:02,Clear sky,0.00,75.00,9.30,1021.00,9,12.70,37.00
stampfenbachstrasse,04/04/2021,10:00:02,Clear sky,4.00,70.00,11.10,1022.00,N/A,12.60,19.00
stampfenbachstrasse,04/04/2021,11:00:02,Clear sky,4.00,70.00,11.10,1022.00,N/A,N/A,24.00
stampfenbachstrasse,04/04/2021,12:00:02,Few clouds,7.00,53.00,13.00,1022.00,N/A,13.00,27.00
stampfenbachstrasse,04/04/2021,13:00:02,Few clouds,7.00,53.00,13.00,1022.00,8,11.50,33.00
stampfenbachstrasse,04/04/2021,14:00:02,Few clouds,7.00,53.00,13.00,1022.00,N/A,9.90,34.00
stampfenbachstrasse,04/04/2021,15:00:02,Clear sky,11.00,35.00,14.80,1021.00,N/A,9.60,34.00
stampfenbachstrasse,04/04/2021,16:00:02,Clear sky,11.00,35.00,14.80,1021.00,N/A,10.30,9.00
stampfenbachstrasse,04/04/2021,17:00:02,Clear sky,12.00,30.00,11.10,1019.00,N/A,10.10,36.00
stampfenbachstrasse,04/04/2021,18:00:02,Clear sky,12.00,30.00,11.10,1019.00,6,9.90,37.00
stampfenbachstrasse,04/04/2021,19:00:02,Clear sky,12.00,30.00,11.10,1019.00,N/A,N/A,37.00
stampfenbachstrasse,04/04/2021,20:00:02,Clear sky,11.00,32.00,7.40,1018.00,N/A,9.60,37.00
stampfenbachstrasse,04/04/2021,21:00:02,Clear sky,11.00,32.00,7.40,1018.00,6,N/A,35.00
stampfenbachstrasse,04/04/2021,22:00:02,Clear sky,7.00,40.00,3.70,1018.00,N/A,9.80,31.00
stampfenbachstrasse,04/04/2021,23:00:02,Clear sky,7.00,40.00,3.70,1018.00,6,10.50,25.00
stampfenbachstrasse,05/04/2021,00:00:02,Clear sky,4.00,65.00,3.70,1018.00,N/A,13.60,19.00
stampfenbachstrasse,05/04/2021,01:00:02,Clear sky,4.00,65.00,3.70,1018.00,N/A,13.60,19.00
stampfenbachstrasse,05/04/2021,02:00:02,Clear sky,4.00,65.00,3.70,1018.00,N/A,13.60,19.00
stampfenbachstrasse,05/04/2021,03:00:02,Clear sky,2.00,69.00,3.70,1017.00,8,12.40,33.00
stampfenbachstrasse,05/04/2021,04:00:03,Clear sky,2.00,69.00,3.70,1017.00,9,13.70,37.00
stampfenbachstrasse,05/04/2021,05:00:02,Clear sky,2.00,69.00,3.70,1017.00,N/A,15.30,14.00
stampfenbachstrasse,05/04/2021,06:00:02,Clear sky,1.00,75.00,4.50,1015.00,N/A,13.40,12.00
stampfenbachstrasse,05/04/2021,07:00:02,Clear sky,1.00,75.00,4.50,1015.00,8,12.10,33.00
stampfenbachstrasse,05/04/2021,08:00:02,Clear sky,0.00,86.00,6.60,1014.00,N/A,N/A,6.00
stampfenbachstrasse,05/04/2021,09:00:02,Clear sky,0.00,86.00,6.60,1014.00,8,12.70,33.00
stampfenbachstrasse,05/04/2021,10:00:02,Broken clouds,5.00,70.00,8.70,1014.00,N/A,13.70,14.00
stampfenbachstrasse,05/04/2021,11:00:02,Broken clouds,5.00,70.00,8.70,1014.00,8,12.60,33.00
stampfenbachstrasse,05/04/2021,12:00:02,Broken clouds,10.00,37.00,14.80,1012.00,N/A,15.90,31.00
stampfenbachstrasse,05/04/2021,13:00:02,Broken clouds,10.00,37.00,14.80,1012.00,11,17.20,45.00
stampfenbachstrasse,05/04/2021,14:00:02,Broken clouds,11.00,43.00,18.50,1011.00,N/A,15.40,33.00
stampfenbachstrasse,05/04/2021,15:00:02,Broken clouds,11.00,43.00,18.50,1011.00,8,13.30,34.00
stampfenbachstrasse,05/04/2021,16:00:02,Broken clouds,13.00,33.00,31.50,1008.00,N/A,18.80,17.00
stampfenbachstrasse,05/04/2021,17:00:02,Broken clouds,13.00,33.00,31.50,1008.00,11,17.00,45.00
stampfenbachstrasse,05/04/2021,18:00:02,Broken clouds,13.00,33.00,31.50,1008.00,N/A,15.70,37.00
stampfenbachstrasse,05/04/2021,19:00:02,Rain,11.00,38.00,33.30,1007.00,N/A,19.90,37.00
stampfenbachstrasse,05/04/2021,20:00:02,Rain,11.00,38.00,33.30,1007.00,10,16.60,41.00
stampfenbachstrasse,05/04/2021,21:00:02,Rain,9.00,50.00,31.50,1008.00,16,23.50,59.00
stampfenbachstrasse,05/04/2021,22:00:02,Rain,9.00,50.00,31.50,1008.00,12,18.40,50.00
stampfenbachstrasse,05/04/2021,23:00:02,Broken clouds,2.00,75.00,14.80,1011.00,N/A,N/A,30.00
stampfenbachstrasse,06/04/2021,00:00:02,Broken clouds,2.00,75.00,14.80,1011.00,3,5.40,29.00
stampfenbachstrasse,06/04/2021,01:00:02,Snow,0.00,86.00,7.40,1015.00,3,5.40,29.00
stampfenbachstrasse,06/04/2021,02:00:02,Snow,0.00,86.00,7.40,1015.00,3,5.40,29.00
stampfenbachstrasse,06/04/2021,03:00:02,Snow,-1.00,93.00,9.30,1016.00,4,6.20,33.00
stampfenbachstrasse,06/04/2021,04:00:02,Snow,-1.00,93.00,9.30,1016.00,4,6.30,32.00
stampfenbachstrasse,06/04/2021,05:00:02,Snow,-1.00,93.00,7.40,1016.00,N/A,6.70,31.00
stampfenbachstrasse,06/04/2021,06:00:02,Snow,-1.00,93.00,7.40,1016.00,4,6.20,30.00
stampfenbachstrasse,06/04/2021,07:00:02,Broken clouds,-2.00,93.00,3.70,1015.00,N/A,7.10,29.00
stampfenbachstrasse,06/04/2021,08:00:02,Broken clouds,-2.00,93.00,3.70,1015.00,6,8.00,25.00
stampfenbachstrasse,06/04/2021,09:00:02,Broken clouds,-2.00,93.00,3.90,1015.00,N/A,14.80,23.00
stampfenbachstrasse,06/04/2021,10:00:02,Broken clouds,-2.00,93.00,3.90,1015.00,14,19.70,55.00
stampfenbachstrasse,06/04/2021,11:00:02,Broken clouds,0.00,86.00,9.30,1016.00,N/A,19.70,26.00
stampfenbachstrasse,06/04/2021,12:00:02,Broken clouds,0.00,86.00,9.30,1016.00,15,22.10,57.00
stampfenbachstrasse,06/04/2021,13:00:02,Broken clouds,2.00,55.00,7.40,1015.00,N/A,13.40,26.00
stampfenbachstrasse,06/04/2021,14:00:02,Broken clouds,2.00,55.00,7.40,1015.00,8,12.10,33.00
stampfenbachstrasse,06/04/2021,15:00:02,Broken clouds,2.00,52.00,13.00,1014.00,N/A,N/A,25.00
stampfenbachstrasse,06/04/2021,16:00:02,Broken clouds,2.00,52.00,13.00,1014.00,21,29.20,70.00
stampfenbachstrasse,06/04/2021,17:00:02,Broken clouds,2.00,52.00,13.00,1014.00,N/A,15.50,25.00
stampfenbachstrasse,06/04/2021,18:00:02,Broken clouds,2.00,60.00,22.20,1012.00,N/A,12.90,24.00
stampfenbachstrasse,06/04/2021,19:00:02,Broken clouds,2.00,60.00,22.20,1012.00,6,9.00,28.00
stampfenbachstrasse,06/04/2021,20:00:02,Snow,0.00,75.00,7.40,1012.00,N/A,9.80,28.00
stampfenbachstrasse,06/04/2021,21:00:02,Snow,0.00,75.00,7.40,1012.00,4,6.60,28.00
stampfenbachstrasse,06/04/2021,22:00:02,Snow,0.00,74.00,9.30,1013.00,N/A,7.50,7.00
stampfenbachstrasse,06/04/2021,23:00:02,Snow,0.00,74.00,9.30,1013.00,4,7.90,27.00
stampfenbachstrasse,07/04/2021,00:00:02,Snow,0.00,74.00,6.30,1013.00,N/A,7.90,27.00
stampfenbachstrasse,07/04/2021,01:00:02,Snow,0.00,74.00,6.30,1013.00,N/A,7.90,27.00
stampfenbachstrasse,07/04/2021,02:00:02,Broken clouds,0.00,80.00,5.50,1013.00,N/A,7.90,27.00
stampfenbachstrasse,07/04/2021,03:00:02,Broken clouds,0.00,80.00,5.50,1013.00,4,7.40,28.00
stampfenbachstrasse,07/04/2021,04:00:02,Rain,0.00,80.00,7.40,1013.00,N/A,7.60,27.00
stampfenbachstrasse,07/04/2021,05:00:02,Rain,0.00,80.00,7.40,1013.00,4,6.30,27.00
stampfenbachstrasse,07/04/2021,06:00:02,Rain,0.00,80.00,7.40,1013.00,N/A,6.60,28.00
stampfenbachstrasse,07/04/2021,07:00:02,Snow,-1.00,93.00,14.80,1015.00,N/A,7.40,27.00
stampfenbachstrasse,07/04/2021,08:00:02,Snow,-1.00,93.00,14.80,1015.00,5,8.50,23.00
stampfenbachstrasse,07/04/2021,09:00:02,Snow,-2.00,86.00,13.00,1017.00,N/A,9.90,9.00
stampfenbachstrasse,07/04/2021,10:00:02,Snow,-2.00,86.00,13.00,1017.00,6,9.90,25.00
stampfenbachstrasse,07/04/2021,11:00:02,Snow,0.00,80.00,20.40,1020.00,N/A,12.50,25.00
stampfenbachstrasse,07/04/2021,12:00:02,Snow,0.00,80.00,20.40,1020.00,6,10.30,26.00
stampfenbachstrasse,07/04/2021,13:00:02,Snow,1.00,69.00,16.70,1021.00,N/A,10.00,27.00
stampfenbachstrasse,07/04/2021,14:00:02,Snow,1.00,69.00,16.70,1021.00,9,12.70,37.00
stampfenbachstrasse,07/04/2021,15:00:02,Scattered clouds,3.00,52.00,14.80,1022.00,N/A,11.00,30.00
stampfenbachstrasse,07/04/2021,16:00:02,Scattered clouds,3.00,52.00,14.80,1022.00,6,10.70,32.00
stampfenbachstrasse,07/04/2021,17:00:02,Scattered clouds,3.00,52.00,14.80,1022.00,N/A,N/A,32.00
stampfenbachstrasse,07/04/2021,18:00:02,Broken clouds,3.00,41.00,16.70,1022.00,N/A,10.40,31.00
stampfenbachstrasse,07/04/2021,19:00:02,Broken clouds,3.00,41.00,16.70,1022.00,5,9.20,31.00
stampfenbachstrasse,07/04/2021,20:00:02,Broken clouds,3.00,41.00,16.70,1022.00,N/A,7.90,32.00
stampfenbachstrasse,07/04/2021,21:00:02,Broken clouds,2.00,48.00,13.00,1023.00,5,7.10,32.00
stampfenbachstrasse,07/04/2021,22:00:02,Broken clouds,2.00,48.00,13.00,1023.00,5,8.20,21.00
stampfenbachstrasse,07/04/2021,23:00:02,Broken clouds,3.00,44.00,9.30,1024.00,N/A,8.30,31.00
stampfenbachstrasse,08/04/2021,00:00:02,Broken clouds,3.00,44.00,9.30,1024.00,5,7.90,31.00
stampfenbachstrasse,08/04/2021,01:00:02,Broken clouds,2.00,48.00,14.80,1024.00,5,7.90,31.00
stampfenbachstrasse,08/04/2021,02:00:02,Broken clouds,2.00,48.00,14.80,1024.00,5,7.90,31.00
stampfenbachstrasse,08/04/2021,03:00:02,Broken clouds,1.00,48.00,13.00,1024.00,4,7.60,31.00
stampfenbachstrasse,08/04/2021,04:00:02,Broken clouds,1.00,48.00,13.00,1024.00,4,7.70,30.00
stampfenbachstrasse,08/04/2021,05:00:02,Broken clouds,0.00,51.00,3.70,1025.00,N/A,7.40,30.00
stampfenbachstrasse,08/04/2021,06:00:02,Broken clouds,0.00,51.00,3.70,1025.00,N/A,7.40,30.00
stampfenbachstrasse,08/04/2021,07:00:02,Broken clouds,0.00,51.00,3.70,1025.00,N/A,8.30,27.00
stampfenbachstrasse,08/04/2021,08:00:02,Clear sky,-1.00,69.00,3.70,1025.00,N/A,10.80,25.00
stampfenbachstrasse,08/04/2021,09:00:02,Clear sky,-1.00,69.00,3.70,1025.00,10,14.60,41.00
stampfenbachstrasse,08/04/2021,10:00:02,Clear sky,-1.00,69.00,3.70,1025.00,N/A,16.80,23.00
stampfenbachstrasse,08/04/2021,11:00:02,Clear sky,4.00,42.00,11.10,1026.00,N/A,N/A,4.00
stampfenbachstrasse,08/04/2021,12:00:02,Clear sky,4.00,42.00,11.10,1026.00,8,12.50,33.00
stampfenbachstrasse,08/04/2021,13:00:02,Scattered clouds,5.00,39.00,7.40,1026.00,N/A,13.00,31.00
stampfenbachstrasse,08/04/2021,14:00:02,Scattered clouds,5.00,39.00,7.40,1026.00,N/A,N/A,33.00
stampfenbachstrasse,08/04/2021,15:00:03,Few clouds,8.00,34.00,9.30,1025.00,N/A,N/A,34.00
stampfenbachstrasse,08/04/2021,16:00:02,Few clouds,8.00,34.00,9.30,1025.00,11,15.90,45.00
stampfenbachstrasse,08/04/2021,17:00:02,Clear sky,10.00,34.00,13.00,1024.00,N/A,13.70,34.00
stampfenbachstrasse,08/04/2021,18:00:02,Clear sky,10.00,34.00,13.00,1024.00,N/A,14.00,33.00
stampfenbachstrasse,08/04/2021,19:00:03,Clear sky,10.00,34.00,13.00,1024.00,N/A,13.60,33.00
stampfenbachstrasse,08/04/2021,20:00:03,Clear sky,9.00,34.00,13.00,1022.00,N/A,11.00,34.00
stampfenbachstrasse,08/04/2021,21:00:02,Clear sky,9.00,34.00,13.00,1022.00,N/A,10.70,33.00
stampfenbachstrasse,08/04/2021,22:00:02,Clear sky,9.00,34.00,13.00,1022.00,N/A,10.00,28.00
stampfenbachstrasse,08/04/2021,23:00:02,Clear sky,3.00,65.00,7.40,1022.00,N/A,9.60,26.00
stampfenbachstrasse,09/04/2021,00:00:02,Clear sky,3.00,65.00,7.40,1022.00,6,9.10,25.00
stampfenbachstrasse,09/04/2021,01:00:02,Clear sky,3.00,65.00,7.40,1022.00,6,9.10,25.00
stampfenbachstrasse,09/04/2021,02:00:02,Few clouds,0.00,74.00,5.50,1021.00,6,9.10,25.00
stampfenbachstrasse,09/04/2021,03:00:02,Few clouds,0.00,74.00,5.50,1021.00,5,7.70,26.00
stampfenbachstrasse,09/04/2021,04:00:02,Broken clouds,0.00,80.00,4.00,1021.00,N/A,6.90,25.00
stampfenbachstrasse,09/04/2021,05:00:02,Broken clouds,0.00,80.00,4.00,1021.00,4,7.40,26.00
stampfenbachstrasse,09/04/2021,06:00:02,Broken clouds,0.00,80.00,4.10,1020.00,N/A,7.20,27.00
stampfenbachstrasse,09/04/2021,07:00:02,Broken clouds,0.00,80.00,4.10,1020.00,6,10.80,25.00
stampfenbachstrasse,09/04/2021,08:00:02,Clear sky,-1.00,86.00,1.80,1020.00,N/A,14.80,13.00
stampfenbachstrasse,09/04/2021,09:00:02,Clear sky,-1.00,86.00,1.80,1020.00,12,18.70,50.00
stampfenbachstrasse,09/04/2021,10:00:02,Clear sky,-1.00,86.00,1.80,1020.00,N/A,29.30,27.00
stampfenbachstrasse,09/04/2021,11:00:02,Clear sky,7.00,53.00,11.10,1020.00,N/A,32.80,30.00
stampfenbachstrasse,09/04/2021,12:00:02,Clear sky,7.00,53.00,11.10,1020.00,14,21.20,55.00
stampfenbachstrasse,09/04/2021,13:00:03,Clear sky,7.00,53.00,11.10,1020.00,N/A,18.80,24.00
stampfenbachstrasse,09/04/2021,14:00:02,Clear sky,13.00,26.00,9.30,1019.00,N/A,15.70,30.00
stampfenbachstrasse,09/04/2021,15:00:03,Clear sky,13.00,26.00,9.30,1019.00,10,15.70,41.00
stampfenbachstrasse,09/04/2021,16:00:02,Few clouds,14.00,23.00,16.70,1017.00,11,18.20,45.00
stampfenbachstrasse,09/04/2021,17:00:03,Few clouds,14.00,23.00,16.70,1017.00,17,25.20,61.00
stampfenbachstrasse,09/04/2021,18:00:02,Clear sky,16.00,22.00,14.80,1016.00,N/A,N/A,39.00
stampfenbachstrasse,09/04/2021,19:00:02,Clear sky,16.00,22.00,14.80,1016.00,N/A,18.90,38.00
stampfenbachstrasse,09/04/2021,20:00:02,Few clouds,15.00,25.00,14.80,1015.00,N/A,16.50,37.00
stampfenbachstrasse,09/04/2021,21:00:02,Few clouds,15.00,25.00,14.80,1015.00,10,16.20,41.00
stampfenbachstrasse,09/04/2021,22:00:02,Broken clouds,13.00,35.00,9.30,1016.00,N/A,15.30,37.00
stampfenbachstrasse,09/04/2021,23:00:02,Broken clouds,13.00,35.00,9.30,1016.00,10,15.10,41.00
stampfenbachstrasse,10/04/2021,00:00:02,Broken clouds,13.00,35.00,9.30,1016.00,N/A,14.10,30.00
stampfenbachstrasse,10/04/2021,01:00:02,Broken clouds,7.00,53.00,11.10,1016.00,N/A,14.10,30.00
stampfenbachstrasse,10/04/2021,02:00:02,Broken clouds,7.00,53.00,11.10,1016.00,N/A,14.10,30.00
stampfenbachstrasse,10/04/2021,03:00:02,Broken clouds,7.00,53.00,11.10,1016.00,N/A,12.80,32.00
stampfenbachstrasse,10/04/2021,04:00:02,Broken clouds,8.00,53.00,11.10,1016.00,N/A,11.60,33.00
stampfenbachstrasse,10/04/2021,05:00:02,Broken clouds,8.00,53.00,11.10,1016.00,7,10.70,33.00
stampfenbachstrasse,10/04/2021,06:00:02,Few clouds,7.00,61.00,3.70,1016.00,N/A,11.60,35.00
stampfenbachstrasse,10/04/2021,07:00:02,Few clouds,7.00,61.00,3.70,1016.00,8,12.40,33.00
stampfenbachstrasse,10/04/2021,08:00:02,Broken clouds,7.00,61.00,3.70,1016.00,N/A,10.90,34.00
stampfenbachstrasse,10/04/2021,09:00:02,Broken clouds,7.00,61.00,3.70,1016.00,N/A,N/A,34.00
stampfenbachstrasse,10/04/2021,10:00:02,Broken clouds,8.00,66.00,14.80,1017.00,N/A,9.50,33.00
stampfenbachstrasse,10/04/2021,11:00:02,Broken clouds,8.00,66.00,14.80,1017.00,5,8.70,33.00
stampfenbachstrasse,10/04/2021,12:00:02,Broken clouds,11.00,62.00,5.50,1017.00,N/A,10.30,32.00
stampfenbachstrasse,10/04/2021,13:00:02,Broken clouds,11.00,62.00,5.50,1017.00,8,11.70,33.00
stampfenbachstrasse,10/04/2021,14:00:02,Broken clouds,11.00,62.00,5.50,1017.00,N/A,11.00,10.00
stampfenbachstrasse,10/04/2021,15:00:02,Few clouds,15.00,44.00,5.50,1014.00,N/A,N/A,37.00
stampfenbachstrasse,10/04/2021,16:00:02,Few clouds,15.00,44.00,5.50,1014.00,6,10.10,39.00
stampfenbachstrasse,10/04/2021,17:00:02,Few clouds,15.00,44.00,5.50,1014.00,N/A,11.00,40.00
stampfenbachstrasse,10/04/2021,18:00:02,Few clouds,16.00,39.00,5.50,1013.00,N/A,N/A,41.00
stampfenbachstrasse,10/04/2021,19:00:03,Few clouds,16.00,39.00,5.50,1013.00,N/A,N/A,41.00
stampfenbachstrasse,10/04/2021,20:00:03,Few clouds,15.00,39.00,3.70,1012.00,N/A,10.70,39.00
stampfenbachstrasse,10/04/2021,21:00:02,Few clouds,15.00,39.00,3.70,1012.00,8,12.10,38.00
stampfenbachstrasse,10/04/2021,22:00:02,Broken clouds,12.00,47.00,7.60,1012.00,N/A,13.60,34.00
stampfenbachstrasse,10/04/2021,23:00:02,Broken clouds,12.00,47.00,7.60,1012.00,7,11.20,30.00
stampfenbachstrasse,11/04/2021,00:00:02,Scattered clouds,10.00,62.00,3.70,1012.00,N/A,10.30,30.00
stampfenbachstrasse,11/04/2021,01:00:02,Scattered clouds,10.00,62.00,3.70,1012.00,N/A,10.30,30.00
stampfenbachstrasse,11/04/2021,02:00:02,Broken clouds,8.00,71.00,5.10,1012.00,N/A,10.30,30.00
stampfenbachstrasse,11/04/2021,03:00:02,Broken clouds,8.00,71.00,5.10,1012.00,9,14.30,37.00
stampfenbachstrasse,11/04/2021,04:00:02,Broken clouds,8.00,71.00,5.10,1012.00,N/A,10.50,18.00
stampfenbachstrasse,11/04/2021,05:00:02,Broken clouds,8.00,71.00,3.70,1011.00,N/A,9.90,19.00
stampfenbachstrasse,11/04/2021,06:00:02,Broken clouds,8.00,71.00,3.70,1011.00,5,8.80,21.00
stampfenbachstrasse,11/04/2021,07:00:02,Broken clouds,8.00,71.00,2.30,1010.00,N/A,N/A,22.00
stampfenbachstrasse,11/04/2021,08:00:02,Broken clouds,8.00,71.00,2.30,1010.00,N/A,7.40,7.00
stampfenbachstrasse,11/04/2021,09:00:02,Broken clouds,8.00,71.00,2.30,1010.00,N/A,N/A,20.00
stampfenbachstrasse,11/04/2021,10:00:02,Clear sky,10.00,66.00,5.50,1010.00,N/A,9.20,18.00
stampfenbachstrasse,11/04/2021,11:00:02,Clear sky,10.00,66.00,5.50,1010.00,5,9.20,24.00
stampfenbachstrasse,11/04/2021,12:00:02,Broken clouds,13.00,54.00,0.30,1011.00,N/A,11.00,29.00
stampfenbachstrasse,11/04/2021,13:00:02,Broken clouds,13.00,54.00,0.30,1011.00,7,10.70,33.00
stampfenbachstrasse,11/04/2021,14:00:02,Clear sky,16.00,42.00,3.70,1010.00,N/A,N/A,1.00
stampfenbachstrasse,11/04/2021,15:00:02,Clear sky,16.00,42.00,3.70,1010.00,6,10.20,37.00
stampfenbachstrasse,11/04/2021,16:00:02,Clear sky,16.00,42.00,3.70,1010.00,N/A,9.40,38.00
stampfenbachstrasse,11/04/2021,17:00:02,Few clouds,19.00,30.00,9.30,1009.00,N/A,9.10,39.00
stampfenbachstrasse,11/04/2021,18:00:02,Few clouds,19.00,30.00,9.30,1009.00,4,7.60,37.00
stampfenbachstrasse,11/04/2021,19:00:03,Few clouds,19.00,30.00,9.30,1009.00,N/A,19.50,34.00
stampfenbachstrasse,11/04/2021,20:00:03,Broken clouds,13.00,62.00,22.20,1011.00,N/A,10.70,32.00
stampfenbachstrasse,11/04/2021,21:00:03,Broken clouds,13.00,62.00,22.20,1011.00,5,7.00,30.00
stampfenbachstrasse,11/04/2021,22:00:03,Rain,10.00,76.00,16.70,1013.00,N/A,N/A,28.00
stampfenbachstrasse,11/04/2021,23:00:02,Rain,10.00,76.00,16.70,1013.00,3,5.10,27.00
stampfenbachstrasse,12/04/2021,00:00:03,Rain,8.00,87.00,11.10,1015.00,N/A,4.70,26.00
stampfenbachstrasse,12/04/2021,01:00:02,Rain,8.00,87.00,11.10,1015.00,N/A,4.70,26.00
stampfenbachstrasse,12/04/2021,02:00:02,Rain,7.00,87.00,14.80,1016.00,N/A,4.70,26.00
stampfenbachstrasse,12/04/2021,03:00:02,Rain,7.00,87.00,14.80,1016.00,3,4.40,25.00
stampfenbachstrasse,12/04/2021,04:00:02,Rain,5.00,87.00,20.40,1017.00,N/A,3.60,20.00
stampfenbachstrasse,12/04/2021,05:00:03,Rain,5.00,87.00,20.40,1017.00,2,3.50,20.00
stampfenbachstrasse,12/04/2021,06:00:03,Rain,2.00,87.00,16.70,1019.00,N/A,4.10,17.00
stampfenbachstrasse,12/04/2021,07:00:02,Rain,2.00,87.00,16.70,1019.00,2,N/A,18.00
stampfenbachstrasse,12/04/2021,08:00:02,Rain,2.00,87.00,16.70,1019.00,N/A,4.40,13.00
stampfenbachstrasse,12/04/2021,09:00:03,Snow,1.00,93.00,5.50,1023.00,N/A,5.30,7.00
stampfenbachstrasse,12/04/2021,10:00:02,Snow,1.00,93.00,5.50,1023.00,3,5.60,12.00
stampfenbachstrasse,12/04/2021,11:00:03,Snow,1.00,93.00,9.30,1024.00,N/A,5.80,10.00
stampfenbachstrasse,12/04/2021,12:00:03,Snow,1.00,93.00,9.30,1024.00,N/A,6.00,11.00
stampfenbachstrasse,12/04/2021,13:00:02,Rain,2.00,93.00,1.80,1026.00,N/A,6.00,13.00
stampfenbachstrasse,12/04/2021,14:00:03,Rain,2.00,93.00,1.80,1026.00,5,6.50,21.00
stampfenbachstrasse,12/04/2021,15:00:02,Broken clouds,3.00,81.00,5.50,1026.00,N/A,6.70,22.00
stampfenbachstrasse,12/04/2021,16:00:02,Broken clouds,3.00,81.00,5.50,1026.00,4,7.50,22.00
stampfenbachstrasse,12/04/2021,17:00:02,Broken clouds,3.00,81.00,3.70,1027.00,N/A,8.10,24.00
stampfenbachstrasse,12/04/2021,18:00:03,Broken clouds,3.00,81.00,3.70,1027.00,7,10.00,29.00
stampfenbachstrasse,12/04/2021,19:00:03,Broken clouds,4.00,65.00,7.40,1027.00,N/A,8.40,26.00
stampfenbachstrasse,12/04/2021,20:00:03,Broken clouds,4.00,65.00,7.40,1027.00,6,9.60,27.00
stampfenbachstrasse,12/04/2021,21:00:02,Broken clouds,4.00,65.00,7.40,1027.00,N/A,10.00,9.00
stampfenbachstrasse,12/04/2021,22:00:03,Broken clouds,2.00,81.00,7.40,1028.00,6,9.20,26.00
stampfenbachstrasse,12/04/2021,23:00:03,Broken clouds,2.00,81.00,7.40,1028.00,5,8.60,25.00
stampfenbachstrasse,13/04/2021,00:00:03,Broken clouds,1.00,87.00,2.30,1028.00,N/A,9.90,22.00
stampfenbachstrasse,13/04/2021,01:00:02,Broken clouds,1.00,87.00,2.30,1028.00,N/A,9.90,22.00
stampfenbachstrasse,13/04/2021,02:00:03,Broken clouds,0.00,80.00,2.80,1028.00,N/A,9.90,22.00
stampfenbachstrasse,13/04/2021,03:00:03,Broken clouds,0.00,80.00,2.80,1028.00,7,11.00,29.00
stampfenbachstrasse,13/04/2021,04:00:02,Few clouds,0.00,86.00,3.80,1028.00,N/A,12.30,11.00
stampfenbachstrasse,13/04/2021,05:00:03,Few clouds,0.00,86.00,3.80,1028.00,9,13.30,37.00
stampfenbachstrasse,13/04/2021,06:00:02,Few clouds,-1.00,93.00,3.70,1028.00,N/A,13.90,13.00
stampfenbachstrasse,13/04/2021,07:00:03,Few clouds,-1.00,93.00,3.70,1028.00,10,15.20,41.00
stampfenbachstrasse,13/04/2021,08:00:02,Few clouds,-1.00,93.00,3.70,1028.00,N/A,17.50,16.00
stampfenbachstrasse,13/04/2021,09:00:03,Mist,-1.00,93.00,1.80,1029.00,N/A,20.90,19.00
stampfenbachstrasse,13/04/2021,10:00:02,Mist,-1.00,93.00,1.80,1029.00,N/A,28.10,26.00
stampfenbachstrasse,13/04/2021,11:00:03,Mist,-1.00,93.00,1.80,1029.00,N/A,29.60,27.00
stampfenbachstrasse,13/04/2021,12:00:03,Scattered clouds,3.00,75.00,5.50,1029.00,N/A,27.50,25.00
stampfenbachstrasse,13/04/2021,13:00:03,Scattered clouds,3.00,75.00,5.50,1029.00,13,19.10,53.00
stampfenbachstrasse,13/04/2021,14:00:03,Broken clouds,5.00,56.00,11.10,1028.00,N/A,14.80,25.00
stampfenbachstrasse,13/04/2021,15:00:03,Broken clouds,5.00,56.00,11.10,1028.00,8,11.40,33.00
stampfenbachstrasse,13/04/2021,16:00:04,Broken clouds,7.00,56.00,9.30,1028.00,6,N/A,32.00
stampfenbachstrasse,15/04/2021,10:00:02,Few clouds,2,75,5.5,1025,N/A,N/A, 11 
stampfenbachstrasse,15/04/2021,10:30:02,Few clouds,2,75,5.5,1025,10,14.8, 41 
stampfenbachstrasse,15/04/2021,11:00:02,Few clouds,2,75,5.5,1025,10,14.8, 41 
stampfenbachstrasse,15/04/2021,11:30:02,Broken clouds,4,60,18.5,1025,N/A,14.1, 26 
stampfenbachstrasse,15/04/2021,12:00:02,Broken clouds,4,60,18.5,1025,N/A,14.1, 26 
stampfenbachstrasse,15/04/2021,13:00:02,Broken clouds,4,60,18.5,1025,10,15.5, 41 
stampfenbachstrasse,15/04/2021,14:00:02,Broken clouds,4,60,18.5,1025,N/A,14.1, 28 
stampfenbachstrasse,15/04/2021,15:00:02,Scattered clouds,6,49,20.4,1024,N/A,N/A, 29 
stampfenbachstrasse,15/04/2021,16:00:02,Scattered clouds,6,49,20.4,1024,9,13.9, 37 
stampfenbachstrasse,15/04/2021,17:00:02,Scattered clouds,6,49,20.4,1024,N/A,13.5, 32 
stampfenbachstrasse,15/04/2021,18:00:02,Few clouds,9,46,18.5,1022,N/A,14, 32 
stampfenbachstrasse,15/04/2021,19:00:02,Few clouds,9,46,18.5,1022,8,11.8, 33 
stampfenbachstrasse,15/04/2021,20:00:03,Few clouds,9,46,18.5,1022,N/A,11.7, 11 
stampfenbachstrasse,15/04/2021,21:00:03,Broken clouds,6,45,14.8,1022,N/A,10.9, 31 
stampfenbachstrasse,15/04/2021,22:00:03,Broken clouds,6,45,14.8,1022,7,12.3, 31 
stampfenbachstrasse,15/04/2021,23:50:46,Few clouds,3,60,7.4,1023,7,11.3, 29 
stampfenbachstrasse,16/04/2021,00:00:01,Few clouds,3,60,7.4,1023,7,11.3, 29 
stampfenbachstrasse,16/04/2021,01:00:01,Scattered clouds,2,65,13,1023,7,11.3, 29 
stampfenbachstrasse,16/04/2021,02:00:01,Scattered clouds,2,65,13,1023,7,11.3, 29 
stampfenbachstrasse,16/04/2021,03:00:01,Scattered clouds,1,64,11.1,1022,8,11.9, 33 
stampfenbachstrasse,16/04/2021,04:00:01,Scattered clouds,1,64,11.1,1022,8,11.8, 33 
stampfenbachstrasse,16/04/2021,05:00:01,Scattered clouds,1,64,11.1,1022,N/A,12.2, 11 
stampfenbachstrasse,16/04/2021,06:00:01,Clear sky,-1,74,9.3,1021,N/A,12.6, 24 
stampfenbachstrasse,16/04/2021,07:00:01,Clear sky,-1,74,9.3,1021,9,13.6, 37 
stampfenbachstrasse,16/04/2021,08:00:01,Clear sky,-1,74,9.3,1021,N/A,13.9, 22 
stampfenbachstrasse,16/04/2021,09:00:01,Clear sky,0,74,3.7,1022,N/A,16.6, 15 
stampfenbachstrasse,16/04/2021,10:00:01,Clear sky,0,74,3.7,1022,12,18.1, 50 
stampfenbachstrasse,16/04/2021,11:00:01,Clear sky,0,74,3.7,1022,N/A,N/A, 22 
stampfenbachstrasse,16/04/2021,12:00:01,Few clouds,5,56,20.4,1021,N/A,20.1, 23 
stampfenbachstrasse,16/04/2021,13:00:01,Few clouds,5,56,20.4,1021,13,19, 53 
stampfenbachstrasse,16/04/2021,14:00:01,Few clouds,8,49,16.7,1021,N/A,17.4, 31 
stampfenbachstrasse,16/04/2021,15:00:01,Few clouds,8,49,16.7,1021,10,16.3, 41 
stampfenbachstrasse,16/04/2021,16:00:01,Scattered clouds,9,42,20.4,1020,N/A,16.9, 33 
stampfenbachstrasse,16/04/2021,17:00:01,Scattered clouds,9,42,20.4,1020,11,15.6, 45 
stampfenbachstrasse,16/04/2021,18:00:01,Few clouds,9,40,18.5,1020,N/A,14.3, 33 
stampfenbachstrasse,16/04/2021,19:00:01,Few clouds,9,40,18.5,1020,9,13.3, 37 
stampfenbachstrasse,16/04/2021,20:00:01,Few clouds,9,40,18.5,1020,N/A,13.3, 32 
stampfenbachstrasse,16/04/2021,21:00:01,Broken clouds,6,45,20.4,1020,N/A,13.6, 30 
stampfenbachstrasse,16/04/2021,22:00:02,Broken clouds,6,45,20.4,1020,9,13.8, 37 
stampfenbachstrasse,16/04/2021,23:00:02,Broken clouds,6,45,20.4,1020,N/A,13.3, 28 
stampfenbachstrasse,17/04/2021,00:00:01,Broken clouds,3,56,14.8,1022,N/A,N/A, 25 
stampfenbachstrasse,17/04/2021,01:00:01,Broken clouds,3,56,14.8,1022,N/A,N/A, 25 
stampfenbachstrasse,17/04/2021,02:00:01,Few clouds,1,69,7.4,1022,N/A,N/A, 25 
stampfenbachstrasse,17/04/2021,03:00:01,Few clouds,1,69,7.4,1022,10,14.1, 41 
stampfenbachstrasse,17/04/2021,04:00:01,Few clouds,0,75,9.3,1021,N/A,14.4, 21 
stampfenbachstrasse,17/04/2021,05:00:01,Few clouds,0,75,9.3,1021,10,15, 41 
stampfenbachstrasse,17/04/2021,06:00:01,Few clouds,0,80,3.7,1020,N/A,15.7, 19 
stampfenbachstrasse,17/04/2021,07:00:01,Few clouds,0,80,3.7,1020,11,16.4, 45 
stampfenbachstrasse,17/04/2021,08:00:01,Broken clouds,0,80,3.7,1020,N/A,18.2, 17 
stampfenbachstrasse,17/04/2021,09:00:01,Broken clouds,0,80,3.7,1020,14,19.9, 55 
stampfenbachstrasse,17/04/2021,10:00:01,Broken clouds,0,80,3.7,1020,N/A,21.7, 20 
stampfenbachstrasse,17/04/2021,11:00:01,Scattered clouds,4,70,7.4,1020,N/A,21.8, 20 
stampfenbachstrasse,17/04/2021,12:00:01,Scattered clouds,4,70,7.4,1020,15,22.3, 57 
stampfenbachstrasse,17/04/2021,13:00:01,Scattered clouds,4,70,7.4,1020,N/A,21.6, 22 
stampfenbachstrasse,17/04/2021,14:00:01,Broken clouds,8,53,16.7,1020,N/A,21.3, 25 
stampfenbachstrasse,17/04/2021,15:00:01,Broken clouds,8,53,16.7,1020,12,19.6, 50 
stampfenbachstrasse,17/04/2021,16:00:01,Broken clouds,8,57,16.7,1019,N/A,17.8, 16 
stampfenbachstrasse,17/04/2021,17:00:01,Broken clouds,8,57,16.7,1019,10,15.3, 41 
stampfenbachstrasse,17/04/2021,18:00:13,Broken clouds,9,49,16.7,1018,N/A,13.2, 31 
stampfenbachstrasse,17/04/2021,19:00:01,Broken clouds,9,49,16.7,1018,N/A,13.5, 12 
stampfenbachstrasse,17/04/2021,20:00:02,Broken clouds,8,53,16.7,1018,N/A,16.4, 30 
stampfenbachstrasse,17/04/2021,21:00:01,Broken clouds,8,53,16.7,1018,10,15.4, 41 
stampfenbachstrasse,17/04/2021,22:00:01,Broken clouds,6,57,5.5,1019,N/A,N/A, 28 
stampfenbachstrasse,17/04/2021,23:00:01,Broken clouds,6,57,5.5,1019,11,16.8, 45 
stampfenbachstrasse,18/04/2021,00:00:01,Broken clouds,6,57,5.5,1019,N/A,16.7, 25 
stampfenbachstrasse,18/04/2021,01:00:01,Broken clouds,6,61,5.5,1019,N/A,16.7, 25 
stampfenbachstrasse,18/04/2021,02:00:01,Broken clouds,6,61,5.5,1019,N/A,16.7, 25 
stampfenbachstrasse,18/04/2021,03:00:01,Broken clouds,6,61,5.5,1019,N/A,15.6, 24 
stampfenbachstrasse,18/04/2021,04:00:01,Broken clouds,4,70,7.4,1018,N/A,15.4, 23 
stampfenbachstrasse,18/04/2021,05:00:02,Broken clouds,4,70,7.4,1018,9,14.8, 37 
stampfenbachstrasse,18/04/2021,06:00:01,Broken clouds,4,75,5.5,1018,11,N/A, 45 
stampfenbachstrasse,18/04/2021,07:00:01,Broken clouds,4,75,5.5,1018,11,16.1, 45 
stampfenbachstrasse,18/04/2021,08:00:01,Broken clouds,3,81,1.7,1018,N/A,16.1, 20 
stampfenbachstrasse,18/04/2021,09:00:01,Broken clouds,3,81,1.7,1018,12,17.2, 50 
stampfenbachstrasse,18/04/2021,10:00:01,Broken clouds,4,81,9.3,1019,N/A,16.9, 20 
stampfenbachstrasse,18/04/2021,11:00:01,Broken clouds,4,81,9.3,1019,N/A,N/A, 20 
stampfenbachstrasse,18/04/2021,12:00:01,Broken clouds,6,70,5.5,1019,N/A,20.4, 21 
stampfenbachstrasse,18/04/2021,13:00:01,Broken clouds,6,70,5.5,1019,14,21.4, 55 
stampfenbachstrasse,18/04/2021,14:00:02,Broken clouds,6,70,5.5,1019,N/A,19.1, 25 
stampfenbachstrasse,18/04/2021,15:00:01,Broken clouds,7,61,9.3,1019,N/A,18.1, 26 
stampfenbachstrasse,18/04/2021,16:00:01,Broken clouds,7,61,9.3,1019,N/A,18.6, 27 
stampfenbachstrasse,18/04/2021,17:00:01,Scattered clouds,8,53,9.3,1019,N/A,17, 30 
stampfenbachstrasse,18/04/2021,18:00:02,Scattered clouds,8,53,9.3,1019,9,14.3, 37 
stampfenbachstrasse,18/04/2021,19:00:02,Broken clouds,8,57,7.4,1019,N/A,13, 28 
stampfenbachstrasse,18/04/2021,20:00:01,Broken clouds,8,57,7.4,1019,6,10.3, 26 
stampfenbachstrasse,18/04/2021,21:00:01,Broken clouds,7,61,11.1,1019,N/A,11.7, 26 
stampfenbachstrasse,18/04/2021,22:00:01,Broken clouds,7,61,11.1,1019,8,12, 33 
stampfenbachstrasse,18/04/2021,23:00:01,Broken clouds,7,61,11.1,1019,N/A,11.6, 20 
stampfenbachstrasse,19/04/2021,00:00:01,Broken clouds,5,75,2.6,1020,N/A,11.8, 19 
stampfenbachstrasse,19/04/2021,01:00:01,Broken clouds,5,75,2.6,1020,N/A,11.8, 19 
stampfenbachstrasse,19/04/2021,02:00:01,Broken clouds,5,75,2.6,1020,N/A,11.8, 19 
stampfenbachstrasse,19/04/2021,03:00:01,Scattered clouds,3,87,3.7,1020,9,13.1, 37 
stampfenbachstrasse,19/04/2021,04:00:01,Scattered clouds,3,87,3.7,1020,10,14.2, 41 
stampfenbachstrasse,19/04/2021,05:00:01,Scattered clouds,3,87,3.7,1020,N/A,14.9, 15 
stampfenbachstrasse,19/04/2021,06:00:01,Broken clouds,1,93,2.4,1019,N/A,14.9, 14 
stampfenbachstrasse,19/04/2021,07:00:01,Broken clouds,1,93,2.4,1019,11,16.9, 45 
stampfenbachstrasse,19/04/2021,08:00:01,Broken clouds,1,86,3,1019,N/A,19.4, 18 
stampfenbachstrasse,19/04/2021,09:00:01,Broken clouds,1,86,3,1019,14,20.6, 55 
stampfenbachstrasse,19/04/2021,10:00:01,Broken clouds,3,87,5.5,1020,N/A,25, 23 
stampfenbachstrasse,19/04/2021,11:00:01,Broken clouds,3,87,5.5,1020,15,22.9, 57 
stampfenbachstrasse,19/04/2021,12:00:01,Broken clouds,9,66,1.8,1019,N/A,19.4, 22 
stampfenbachstrasse,19/04/2021,13:00:01,Broken clouds,9,66,1.8,1019,12,17.3, 50 
stampfenbachstrasse,19/04/2021,14:00:01,Broken clouds,10,50,3.7,1018,N/A,N/A, 29 
stampfenbachstrasse,19/04/2021,15:00:01,Broken clouds,10,50,3.7,1018,9,N/A, 37 
stampfenbachstrasse,19/04/2021,16:00:01,Broken clouds,10,50,3.7,1018,N/A,14.9, 14 
stampfenbachstrasse,19/04/2021,17:00:01,Broken clouds,11,50,14.8,1017,N/A,15.6, 32 
stampfenbachstrasse,19/04/2021,18:00:01,Broken clouds,11,50,14.8,1017,10,16, 41 
stampfenbachstrasse,19/04/2021,19:00:01,Broken clouds,11,43,13,1017,N/A,16.8, 31 
stampfenbachstrasse,19/04/2021,20:00:01,Broken clouds,11,43,13,1017,7,12.1, 32 
stampfenbachstrasse,19/04/2021,21:00:01,Broken clouds,10,53,7.4,1017,N/A,9.7, 33 
stampfenbachstrasse,19/04/2021,22:00:01,Broken clouds,10,53,7.4,1017,5,9.3, 30 
stampfenbachstrasse,19/04/2021,23:00:01,Broken clouds,6,70,2.6,1018,N/A,11.9, 22 
stampfenbachstrasse,20/04/2021,00:00:01,Broken clouds,6,70,2.6,1018,8,12.8, 33 
stampfenbachstrasse,20/04/2021,01:00:01,Broken clouds,3,75,5.5,1018,8,12.8, 33 
stampfenbachstrasse,20/04/2021,02:00:01,Broken clouds,3,75,5.5,1018,8,12.8, 33 
stampfenbachstrasse,20/04/2021,03:00:01,Broken clouds,3,75,5.5,1018,N/A,12.2, 11 
stampfenbachstrasse,20/04/2021,04:00:01,Few clouds,2,80,2.8,1017,N/A,11.8, 11 
stampfenbachstrasse,20/04/2021,05:00:01,Few clouds,2,80,2.8,1017,9,N/A, 37 
stampfenbachstrasse,20/04/2021,06:00:01,Few clouds,2,80,2.8,1017,N/A,14.2, 13 
stampfenbachstrasse,20/04/2021,07:00:01,Broken clouds,1,86,3.3,1017,N/A,13.8, 13 
stampfenbachstrasse,20/04/2021,08:00:01,Broken clouds,1,86,3.3,1017,11,15.9, 45 
stampfenbachstrasse,20/04/2021,09:00:01,Few clouds,3,81,1.8,1017,N/A,19.9, 18 
stampfenbachstrasse,20/04/2021,10:00:01,Few clouds,3,81,1.8,1017,N/A,23.3, 21 
stampfenbachstrasse,20/04/2021,11:00:01,Clear sky,8,66,4,1017,N/A,23.4, 21 
stampfenbachstrasse,20/04/2021,12:00:01,Clear sky,8,66,4,1017,20,26.7, 68 
stampfenbachstrasse,20/04/2021,13:00:01,Few clouds,12,47,9.3,1016,N/A,18.8, 27 
stampfenbachstrasse,20/04/2021,14:00:01,Few clouds,12,47,9.3,1016,11,18.7, 45 
stampfenbachstrasse,20/04/2021,15:00:01,Few clouds,12,47,9.3,1016,N/A,18.1, 34 
stampfenbachstrasse,20/04/2021,16:00:01,Few clouds,15,39,3.7,1015,N/A,13.7, 37 
stampfenbachstrasse,20/04/2021,18:00:01,Few clouds,15,39,3.7,1015,N/A,13.9, 37 
stampfenbachstrasse,20/04/2021,19:00:01,Few clouds,15,38,11.1,1014,N/A,14.1, 39 
stampfenbachstrasse,20/04/2021,20:00:02,Few clouds,15,38,11.1,1014,9,12.5, 38 
stampfenbachstrasse,20/04/2021,21:00:01,Few clouds,15,38,11.1,1014,N/A,13.6, 38 
stampfenbachstrasse,20/04/2021,22:00:02,Few clouds,10,50,7.4,1014,9,14.2, 37 
stampfenbachstrasse,20/04/2021,23:00:01,Few clouds,10,50,7.4,1014,9,14.1, 37 
stampfenbachstrasse,21/04/2021,00:00:01,Clear sky,7,65,4.2,1015,N/A,13.7, 28 
stampfenbachstrasse,21/04/2021,01:00:01,Clear sky,7,65,4.2,1015,N/A,13.7, 28 
stampfenbachstrasse,21/04/2021,02:00:01,Clear sky,4,70,3.7,1015,N/A,13.7, 28 
stampfenbachstrasse,21/04/2021,03:00:01,Clear sky,4,70,3.7,1015,7,N/A, 29 
stampfenbachstrasse,21/04/2021,04:00:01,Clear sky,3,75,1.8,1015,N/A,12.9, 23 
stampfenbachstrasse,21/04/2021,05:00:01,Clear sky,3,75,1.8,1015,N/A,14.6, 20 
stampfenbachstrasse,21/04/2021,06:00:01,Clear sky,3,75,1.8,1015,N/A,11.8, 17 
stampfenbachstrasse,21/04/2021,07:00:01,Clear sky,1,80,1.8,1015,N/A,14.5, 13 
stampfenbachstrasse,21/04/2021,08:00:01,Clear sky,1,80,1.8,1015,10,15.4, 41 
stampfenbachstrasse,21/04/2021,09:00:01,Clear sky,1,80,1.8,1015,N/A,18, 16 
stampfenbachstrasse,21/04/2021,10:00:02,Clear sky,7,76,1,1016,N/A,25.1, 23 
stampfenbachstrasse,21/04/2021,11:00:01,Clear sky,7,76,1,1016,18,N/A, 63 
stampfenbachstrasse,21/04/2021,12:00:01,Clear sky,11,58,2.8,1016,N/A,23.3, 21 
stampfenbachstrasse,21/04/2021,13:00:01,Clear sky,11,58,2.8,1016,12,18.7, 50 
stampfenbachstrasse,21/04/2021,14:00:02,Clear sky,16,39,1.8,1016,N/A,18.4, 32 
stampfenbachstrasse,21/04/2021,15:00:01,Clear sky,16,39,1.8,1016,11,16.5, 45 
stampfenbachstrasse,21/04/2021,16:00:01,Few clouds,16,31,5.5,1015,N/A,14.6, 42 
stampfenbachstrasse,21/04/2021,17:00:02,Few clouds,16,31,5.5,1015,8,12.2, 42 
stampfenbachstrasse,21/04/2021,18:00:01,Scattered clouds,17,27,7.4,1014,N/A,14.1, 42 
stampfenbachstrasse,21/04/2021,19:00:01,Scattered clouds,17,27,7.4,1014,10,15.1, 41 
stampfenbachstrasse,21/04/2021,20:00:01,Scattered clouds,17,27,7.4,1014,N/A,12.2, 43 
stampfenbachstrasse,21/04/2021,21:00:01,Broken clouds,13,39,13,1015,N/A,12.5, 40 
stampfenbachstrasse,21/04/2021,22:00:02,Broken clouds,13,39,13,1015,9,14.3, 40 
stampfenbachstrasse,21/04/2021,23:00:01,Broken clouds,13,39,13,1015,N/A,13.5, 40 
stampfenbachstrasse,22/04/2021,00:00:01,Broken clouds,9,62,9.3,1017,8,13.4, 41 
stampfenbachstrasse,22/04/2021,01:00:01,Broken clouds,9,62,9.3,1017,8,13.4, 41 
stampfenbachstrasse,22/04/2021,02:00:01,Scattered clouds,7,76,2.7,1017,8,13.4, 41 
stampfenbachstrasse,22/04/2021,03:00:01,Scattered clouds,7,76,2.7,1017,7,10.4, 32 
stampfenbachstrasse,22/04/2021,04:00:01,Scattered clouds,7,81,1.8,1018,N/A,10.2, 30 
stampfenbachstrasse,22/04/2021,05:00:01,Scattered clouds,7,81,1.8,1018,7,10.2, 29 
stampfenbachstrasse,22/04/2021,06:00:01,Broken clouds,7,87,5.5,1018,N/A,10.7, 25 
stampfenbachstrasse,22/04/2021,07:00:01,Broken clouds,7,87,5.5,1018,7,11.9, 29 
stampfenbachstrasse,22/04/2021,08:00:01,Broken clouds,7,87,5.5,1018,N/A,12.5, 22 
stampfenbachstrasse,22/04/2021,09:00:01,Broken clouds,7,87,1.8,1019,N/A,16.4, 15 
stampfenbachstrasse,22/04/2021,10:00:02,Broken clouds,7,87,1.8,1019,14,21.9, 55 
stampfenbachstrasse,22/04/2021,11:00:02,Broken clouds,7,87,1.8,1019,N/A,18.9, 23 
stampfenbachstrasse,22/04/2021,12:00:02,Few clouds,13,58,1.8,1020,N/A,17.5, 31 
stampfenbachstrasse,22/04/2021,13:00:01,Few clouds,13,58,1.8,1020,12,18.4, 50 
stampfenbachstrasse,22/04/2021,14:00:01,Few clouds,13,58,1.8,1020,N/A,21.1, 36 
stampfenbachstrasse,22/04/2021,15:00:02,Broken clouds,15,44,9.3,1020,13,20.7, 53 
stampfenbachstrasse,22/04/2021,16:00:02,Broken clouds,15,44,9.3,1020,13,21.3, 53 
stampfenbachstrasse,22/04/2021,17:00:01,Broken clouds,14,51,24.1,1020,N/A,16.8, 40 
stampfenbachstrasse,22/04/2021,18:00:01,Broken clouds,14,51,24.1,1020,12,18.1, 50 
stampfenbachstrasse,22/04/2021,19:00:01,Few clouds,15,44,9.3,1020,N/A,19.6, 38 
stampfenbachstrasse,22/04/2021,20:00:01,Few clouds,15,44,9.3,1020,13,20.5, 53 
stampfenbachstrasse,22/04/2021,21:00:02,Scattered clouds,12,54,13,1021,N/A,18.4, 37 
stampfenbachstrasse,22/04/2021,22:00:02,Scattered clouds,12,54,13,1021,9,14.8, 39 
stampfenbachstrasse,22/04/2021,23:00:02,Broken clouds,11,62,11.1,1022,N/A,15.4, 37 
stampfenbachstrasse,23/04/2021,00:00:01,Broken clouds,11,62,11.1,1022,12,18.2, 50 
stampfenbachstrasse,23/04/2021,01:00:01,Broken clouds,11,62,11.1,1022,12,18.2, 50 
stampfenbachstrasse,23/04/2021,02:00:01,Clear sky,7,76,3.7,1023,12,18.2, 50 
stampfenbachstrasse,23/04/2021,03:00:01,Clear sky,7,76,3.7,1023,10,14.9, 41 
stampfenbachstrasse,23/04/2021,04:00:01,Few clouds,4,70,3.7,1023,N/A,15.5, 27 
stampfenbachstrasse,23/04/2021,05:00:01,Few clouds,4,70,3.7,1023,9,13.8, 37 
stampfenbachstrasse,23/04/2021,06:00:01,Clear sky,3,65,3.7,1023,N/A,13.3, 24 
stampfenbachstrasse,23/04/2021,07:00:01,Clear sky,3,65,3.7,1023,9,13.6, 37 
stampfenbachstrasse,23/04/2021,08:00:01,Clear sky,2,70,3.3,1024,N/A,15.1, 15 
stampfenbachstrasse,23/04/2021,09:00:01,Clear sky,2,70,3.3,1024,13,17.7, 53 
stampfenbachstrasse,23/04/2021,10:00:01,Clear sky,7,57,4.6,1025,N/A,23.7, 22 
stampfenbachstrasse,23/04/2021,11:00:01,Clear sky,7,57,4.6,1025,N/A,21.8, 20 
stampfenbachstrasse,23/04/2021,12:00:01,Clear sky,7,57,4.6,1025,N/A,20.4, 22 
stampfenbachstrasse,23/04/2021,13:00:01,Clear sky,13,47,13,1025,N/A,22.7, 27 
stampfenbachstrasse,23/04/2021,14:00:01,Clear sky,13,47,13,1025,13,21.2, 53 
stampfenbachstrasse,23/04/2021,15:00:02,Clear sky,13,47,13,1025,N/A,15.9, 36 
stampfenbachstrasse,23/04/2021,16:00:01,Clear sky,15,25,9.3,1024,8,12.7, 39 
stampfenbachstrasse,23/04/2021,17:00:01,Clear sky,15,25,9.3,1024,9,13.5, 38 
stampfenbachstrasse,23/04/2021,18:00:01,Clear sky,17,24,13,1023,N/A,12.6, 38 
stampfenbachstrasse,23/04/2021,19:00:01,Clear sky,17,24,13,1023,8,11.6, 39 
stampfenbachstrasse,23/04/2021,20:00:01,Clear sky,16,19,16.7,1023,N/A,10.4, 38 
stampfenbachstrasse,23/04/2021,21:00:01,Clear sky,16,19,16.7,1023,6,10.1, 39 
stampfenbachstrasse,23/04/2021,22:00:01,Clear sky,13,24,7.4,1023,N/A,10.3, 35 
stampfenbachstrasse,23/04/2021,23:00:01,Clear sky,13,24,7.4,1023,8,13, 35 
stampfenbachstrasse,24/04/2021,00:00:01,Clear sky,10,43,3.6,1024,N/A,16.6, 36 
stampfenbachstrasse,24/04/2021,01:00:01,Clear sky,10,43,3.6,1024,N/A,16.6, 36 
stampfenbachstrasse,24/04/2021,02:00:01,Clear sky,10,43,3.6,1024,N/A,16.6, 36 
stampfenbachstrasse,24/04/2021,03:00:01,Clear sky,5,56,2.3,1023,12,18.1, 50 
stampfenbachstrasse,24/04/2021,04:00:01,Clear sky,5,56,2.3,1023,11,15.5, 45 
stampfenbachstrasse,24/04/2021,05:00:01,Scattered clouds,3,70,2.2,1023,N/A,16.1, 26 
stampfenbachstrasse,24/04/2021,06:00:01,Scattered clouds,3,70,2.2,1023,13,17.8, 53 
stampfenbachstrasse,24/04/2021,07:00:01,Few clouds,2,75,1.9,1023,N/A,16.6, 23 
stampfenbachstrasse,24/04/2021,08:00:01,Few clouds,2,75,1.9,1023,11,16.8, 45 
stampfenbachstrasse,24/04/2021,09:00:01,Few clouds,5,75,1.9,1023,N/A,18.1, 17 
stampfenbachstrasse,24/04/2021,10:00:01,Few clouds,5,75,1.9,1023,13,19.5, 53 
stampfenbachstrasse,24/04/2021,11:00:01,Few clouds,5,75,1.9,1023,N/A,20.9, 19 
stampfenbachstrasse,24/04/2021,12:00:01,Clear sky,13,44,3.7,1023,N/A,20.9, 20 
stampfenbachstrasse,24/04/2021,13:00:01,Clear sky,13,44,3.7,1023,N/A,N/A, 31 
stampfenbachstrasse,24/04/2021,14:00:01,Clear sky,13,44,3.7,1023,N/A,20.4, 38 
stampfenbachstrasse,24/04/2021,15:00:01,Clear sky,18,36,5.5,1021,N/A,N/A, 44 
stampfenbachstrasse,24/04/2021,16:00:01,Clear sky,18,36,5.5,1021,N/A,18.2, 45 
stampfenbachstrasse,24/04/2021,17:00:00,Clear sky,18,36,5.5,1021,N/A,16.2, 48 
stampfenbachstrasse,24/04/2021,18:00:01,Clear sky,20,26,11.1,1019,N/A,16.3, 49 
stampfenbachstrasse,24/04/2021,19:00:01,Clear sky,20,26,11.1,1019,11,15.5, 51 
stampfenbachstrasse,24/04/2021,20:00:01,Clear sky,19,26,4,1019,N/A,16.1, 49 
stampfenbachstrasse,24/04/2021,21:00:01,Clear sky,19,26,4,1019,10,15.1, 47 
stampfenbachstrasse,24/04/2021,22:00:01,Few clouds,15,31,9.3,1019,N/A,14.9, 44 
stampfenbachstrasse,24/04/2021,23:00:01,Few clouds,15,31,9.3,1019,10,15.4, 41 
stampfenbachstrasse,25/04/2021,00:00:01,Scattered clouds,11,50,3.7,1019,N/A,19.7, 32 
stampfenbachstrasse,25/04/2021,01:00:01,Scattered clouds,11,50,3.7,1019,N/A,19.7, 32 
stampfenbachstrasse,25/04/2021,02:00:01,Few clouds,8,66,3.7,1020,N/A,19.7, 32 
stampfenbachstrasse,25/04/2021,03:00:01,Few clouds,8,66,3.7,1020,N/A,16.9, 28 
stampfenbachstrasse,25/04/2021,04:00:01,Few clouds,8,66,3.7,1020,N/A,18.2, 29 
stampfenbachstrasse,25/04/2021,05:00:02,Scattered clouds,6,70,2.9,1019,N/A,17.1, 16 
stampfenbachstrasse,25/04/2021,06:00:01,Scattered clouds,6,70,2.9,1019,12,N/A, 50 
stampfenbachstrasse,25/04/2021,07:00:02,Scattered clouds,6,70,2.9,1019,N/A,16.4, 31 
stampfenbachstrasse,25/04/2021,08:00:01,Scattered clouds,6,70,3,1020,N/A,16.7, 30 
stampfenbachstrasse,25/04/2021,09:00:01,Scattered clouds,6,70,3,1020,10,15.9, 41 
stampfenbachstrasse,25/04/2021,10:00:01,Broken clouds,10,50,3.7,1021,N/A,16.4, 30 
stampfenbachstrasse,25/04/2021,11:00:01,Broken clouds,10,50,3.7,1021,12,17, 50 
stampfenbachstrasse,25/04/2021,12:00:01,Broken clouds,13,44,3.7,1020,N/A,N/A, 34 
stampfenbachstrasse,25/04/2021,13:00:01,Broken clouds,13,44,3.7,1020,14,21.6, 55 
stampfenbachstrasse,25/04/2021,14:00:01,Broken clouds,17,39,7.4,1019,N/A,22, 42 
stampfenbachstrasse,25/04/2021,15:00:01,Broken clouds,17,39,7.4,1019,14,22.1, 55 
stampfenbachstrasse,25/04/2021,16:00:01,Few clouds,18,36,5.5,1019,N/A,19.9, 47 
stampfenbachstrasse,25/04/2021,17:00:01,Few clouds,18,36,5.5,1019,11,17.3, 48 
stampfenbachstrasse,25/04/2021,18:00:01,Few clouds,18,36,5.5,1019,N/A,17.3, 16 
stampfenbachstrasse,25/04/2021,19:00:01,Clear sky,18,29,13,1017,N/A,15, 48 
stampfenbachstrasse,25/04/2021,20:00:01,Clear sky,18,29,13,1017,8,13.9, 46 
stampfenbachstrasse,25/04/2021,21:00:01,Clear sky,18,29,13,1017,N/A,16.4, 45 
stampfenbachstrasse,25/04/2021,22:00:01,Few clouds,13,41,9.3,1017,N/A,15.5, 42 
stampfenbachstrasse,25/04/2021,23:00:01,Few clouds,13,41,9.3,1017,N/A,N/A, 40 
stampfenbachstrasse,26/04/2021,00:00:01,Broken clouds,12,47,13,1018,N/A,16.9, 38 
stampfenbachstrasse,26/04/2021,01:00:01,Broken clouds,12,47,13,1018,N/A,16.9, 38 
stampfenbachstrasse,26/04/2021,02:00:01,Broken clouds,11,40,7.4,1017,N/A,16.9, 38 
stampfenbachstrasse,26/04/2021,03:00:01,Broken clouds,11,40,7.4,1017,9,14.3, 37 
stampfenbachstrasse,26/04/2021,04:00:01,Few clouds,7,43,7.4,1016,N/A,12.8, 12 
stampfenbachstrasse,26/04/2021,05:00:01,Few clouds,7,43,7.4,1016,8,12.3, 35 
stampfenbachstrasse,26/04/2021,06:00:01,Few clouds,7,43,7.4,1016,N/A,12.1, 33 
stampfenbachstrasse,26/04/2021,07:00:01,Broken clouds,5,56,9.3,1015,N/A,13.1, 27 
stampfenbachstrasse,26/04/2021,08:00:01,Broken clouds,5,56,9.3,1015,9,14.1, 37 
stampfenbachstrasse,26/04/2021,09:00:01,Broken clouds,5,56,9.3,1015,N/A,18.7, 19 
stampfenbachstrasse,26/04/2021,10:00:01,Clear sky,7,61,5.5,1016,N/A,N/A, 20 
stampfenbachstrasse,26/04/2021,11:00:01,Clear sky,7,61,5.5,1016,12,17.5, 50 
stampfenbachstrasse,26/04/2021,12:00:01,Clear sky,7,61,5.5,1016,N/A,20.4, 22 
stampfenbachstrasse,26/04/2021,13:00:01,Broken clouds,12,50,9.3,1015,13,21.1, 53 
stampfenbachstrasse,26/04/2021,14:00:01,Broken clouds,12,50,9.3,1015,13,21.2, 53 
stampfenbachstrasse,26/04/2021,15:00:01,Clear sky,15,44,18.5,1014,N/A,22.6, 32 
stampfenbachstrasse,26/04/2021,16:00:02,Clear sky,15,44,18.5,1014,15,23.1, 57 
stampfenbachstrasse,26/04/2021,17:00:02,Clear sky,16,36,18.5,1012,N/A,22.9, 37 
stampfenbachstrasse,26/04/2021,18:00:02,Clear sky,16,36,18.5,1012,14,20.8, 55 
stampfenbachstrasse,26/04/2021,19:00:01,Clear sky,15,31,16.7,1010,N/A,20.3, 41 
stampfenbachstrasse,26/04/2021,20:00:02,Clear sky,15,31,16.7,1010,13,20.5, 53 
stampfenbachstrasse,26/04/2021,22:05:48,Broken clouds,14,31,13,1009,11,16.7, 45 
stampfenbachstrasse,26/04/2021,23:00:01,Broken clouds,14,31,13,1009,N/A,17.9, 36 
stampfenbachstrasse,27/04/2021,00:00:01,Broken clouds,10,37,5.5,1009,N/A,17.5, 37 
stampfenbachstrasse,27/04/2021,01:00:01,Broken clouds,10,37,5.5,1009,N/A,17.5, 37 
stampfenbachstrasse,27/04/2021,02:00:01,Broken clouds,7,46,3.7,1009,N/A,17.5, 37 
stampfenbachstrasse,27/04/2021,03:00:01,Broken clouds,7,46,3.7,1009,13,20.5, 53 
stampfenbachstrasse,27/04/2021,04:00:01,Broken clouds,6,43,5.5,1007,N/A,20.2, 34 
stampfenbachstrasse,27/04/2021,05:00:01,Broken clouds,6,43,5.5,1007,13,19.8, 53 
stampfenbachstrasse,27/04/2021,06:00:01,Broken clouds,4,56,9.3,1007,N/A,20.4, 29 
stampfenbachstrasse,27/04/2021,07:00:01,Broken clouds,4,56,9.3,1007,14,20.7, 55 
stampfenbachstrasse,27/04/2021,08:00:01,Clear sky,4,65,5.5,1007,N/A,21.7, 20 
stampfenbachstrasse,27/04/2021,09:00:01,Clear sky,4,65,5.5,1007,15,23.1, 57 
stampfenbachstrasse,27/04/2021,10:00:01,Clear sky,4,65,5.5,1007,N/A,22.7, 23 
stampfenbachstrasse,27/04/2021,11:00:01,Clear sky,9,50,5.5,1007,N/A,24.7, 24 
stampfenbachstrasse,27/04/2021,12:00:01,Clear sky,9,50,5.5,1007,N/A,25.7, 27 
stampfenbachstrasse,27/04/2021,13:00:01,Clear sky,9,50,5.5,1007,N/A,25.7, 29 
stampfenbachstrasse,27/04/2021,14:00:02,Clear sky,15,44,5.5,1006,17,25.5, 61 
stampfenbachstrasse,27/04/2021,15:00:01,Clear sky,15,44,5.5,1006,19,26.4, 65 
stampfenbachstrasse,27/04/2021,16:00:02,Clear sky,17,45,3.7,1005,N/A,27.6, 39 
stampfenbachstrasse,27/04/2021,17:00:01,Clear sky,17,45,3.7,1005,17,25.8, 61 
stampfenbachstrasse,27/04/2021,18:00:00,Few clouds,18,34,3.7,1004,N/A,21.2, 44 
stampfenbachstrasse,27/04/2021,19:00:02,Few clouds,18,34,3.7,1004,14,21, 55 
stampfenbachstrasse,27/04/2021,20:00:01,Few clouds,18,34,3.7,1004,N/A,N/A, 44 
stampfenbachstrasse,27/04/2021,21:00:01,Scattered clouds,16,41,9.3,1003,N/A,19.8, 44 
stampfenbachstrasse,27/04/2021,22:00:01,Scattered clouds,16,41,9.3,1003,13,19.7, 53 
stampfenbachstrasse,27/04/2021,23:00:02,Scattered clouds,16,41,9.3,1003,N/A,20.2, 41 
stampfenbachstrasse,28/04/2021,00:00:01,Few clouds,10,58,2.6,1004,N/A,19.5, 36 
stampfenbachstrasse,28/04/2021,01:00:01,Few clouds,10,58,2.6,1004,N/A,19.5, 36 
stampfenbachstrasse,28/04/2021,02:00:01,Few clouds,10,58,2.6,1004,N/A,19.5, 36 
stampfenbachstrasse,28/04/2021,03:00:01,Scattered clouds,6,70,3.7,1005,14,21.8, 55 
stampfenbachstrasse,28/04/2021,04:00:01,Scattered clouds,6,70,3.7,1005,N/A,22.1, 32 
stampfenbachstrasse,28/04/2021,05:00:01,Scattered clouds,6,70,3.7,1005,N/A,23.3, 31 
stampfenbachstrasse,28/04/2021,06:00:01,Broken clouds,6,71,2.4,1004,N/A,23.6, 29 
stampfenbachstrasse,28/04/2021,07:00:01,Broken clouds,6,71,2.4,1004,18,25.4, 63 
stampfenbachstrasse,28/04/2021,08:00:01,Broken clouds,7,71,1.8,1004,N/A,27.6, 25 
stampfenbachstrasse,28/04/2021,09:00:01,Broken clouds,7,71,1.8,1004,19,27.7, 65 
stampfenbachstrasse,28/04/2021,10:00:01,Broken clouds,9,66,1.8,1005,N/A,27, 25 
stampfenbachstrasse,28/04/2021,11:00:02,Broken clouds,9,66,1.8,1005,21,30.4, 70 
stampfenbachstrasse,28/04/2021,12:00:01,Scattered clouds,12,71,3.7,1006,N/A,N/A, 8 
stampfenbachstrasse,28/04/2021,13:00:02,Scattered clouds,12,71,3.7,1006,21,29, 70 
stampfenbachstrasse,28/04/2021,14:00:01,Scattered clouds,12,71,3.7,1006,N/A,25.4, 31 
stampfenbachstrasse,28/04/2021,15:00:01,Few clouds,18,36,9.3,1004,N/A,19.6, 38 
stampfenbachstrasse,28/04/2021,16:00:01,Few clouds,18,36,9.3,1004,11,16.8, 45 
stampfenbachstrasse,28/04/2021,17:00:02,Few clouds,18,36,9.3,1004,N/A,15.6, 43 
stampfenbachstrasse,28/04/2021,18:00:01,Broken clouds,19,32,9.3,1003,N/A,17.1, 42 
stampfenbachstrasse,28/04/2021,19:00:02,Broken clouds,19,32,9.3,1003,10,15.1, 41 
stampfenbachstrasse,28/04/2021,20:00:01,Few clouds,15,51,22.2,1003,N/A,19.6, 41 
stampfenbachstrasse,28/04/2021,21:00:01,Few clouds,15,51,22.2,1003,N/A,16.9, 15 
stampfenbachstrasse,28/04/2021,22:00:02,Broken clouds,12,72,27.8,1004,N/A,9.3, 36 
stampfenbachstrasse,28/04/2021,23:00:02,Broken clouds,12,72,27.8,1004,4,6.8, 35 
stampfenbachstrasse,29/04/2021,00:00:02,Broken clouds,10,93,11.1,1005,N/A,6, 32 
stampfenbachstrasse,29/04/2021,01:00:01,Broken clouds,10,93,11.1,1005,N/A,6, 32 
stampfenbachstrasse,29/04/2021,02:00:01,Broken clouds,10,87,3.7,1005,N/A,6, 32 
stampfenbachstrasse,29/04/2021,03:00:01,Broken clouds,10,87,3.7,1005,3,4.5, 31 
stampfenbachstrasse,29/04/2021,05:00:01,Rain,9,81,14.8,1006,N/A,4.8, 28 
stampfenbachstrasse,29/04/2021,06:00:01,Rain,9,81,14.8,1006,5,8.5, 31 
stampfenbachstrasse,29/04/2021,07:00:01,Rain,9,81,14.8,1006,N/A,9.4, 33 
stampfenbachstrasse,29/04/2021,08:00:01,Rain,8,93,7.4,1008,N/A,9.8, 28 
stampfenbachstrasse,29/04/2021,09:00:02,Rain,8,93,7.4,1008,6,9.4, 29 
stampfenbachstrasse,29/04/2021,10:00:02,Rain,9,81,13,1008,N/A,10.4, 25 
stampfenbachstrasse,29/04/2021,11:00:01,Rain,9,81,13,1008,N/A,12.7, 25 
stampfenbachstrasse,29/04/2021,12:00:01,Broken clouds,11,82,13,1008,N/A,11.5, 26 
stampfenbachstrasse,29/04/2021,13:00:01,Broken clouds,11,82,13,1008,11,15.7, 45 
stampfenbachstrasse,29/04/2021,14:00:01,Rain,11,76,13,1008,N/A,15.1, 30 
stampfenbachstrasse,29/04/2021,15:00:02,Rain,11,76,13,1008,12,18.3, 50 
stampfenbachstrasse,29/04/2021,16:00:02,Scattered clouds,12,67,13,1008,N/A,21.2, 19 
stampfenbachstrasse,29/04/2021,17:00:02,Scattered clouds,12,67,13,1008,12,18.3, 50 
stampfenbachstrasse,29/04/2021,18:00:02,Scattered clouds,12,67,13,1008,N/A,15.9, 30 
stampfenbachstrasse,29/04/2021,19:00:01,Broken clouds,12,67,13,1008,N/A,16.1, 29 
stampfenbachstrasse,29/04/2021,20:00:02,Broken clouds,12,67,13,1008,11,17.1, 45 
stampfenbachstrasse,29/04/2021,21:00:01,Broken clouds,10,87,9.3,1009,N/A,12.4, 23 
stampfenbachstrasse,29/04/2021,22:00:02,Broken clouds,10,87,9.3,1009,7,11, 29 
stampfenbachstrasse,29/04/2021,23:00:02,Broken clouds,10,87,9.3,1010,N/A,9.3, 26 
stampfenbachstrasse,30/04/2021,00:00:01,Broken clouds,10,87,9.3,1010,6,10.6, 25 
stampfenbachstrasse,30/04/2021,01:00:01,Broken clouds,9,93,3.7,1010,6,10.6, 25 
stampfenbachstrasse,30/04/2021,02:00:01,Broken clouds,9,93,3.7,1010,6,10.6, 25 
stampfenbachstrasse,30/04/2021,03:00:01,Broken clouds,9,87,3.7,1011,6,9.2, 25 
stampfenbachstrasse,30/04/2021,04:00:01,Broken clouds,9,87,3.7,1011,6,N/A, 25 
stampfenbachstrasse,30/04/2021,05:00:01,Broken clouds,9,76,1.8,1011,N/A,10.3, 9 
stampfenbachstrasse,30/04/2021,06:00:01,Broken clouds,9,76,1.8,1011,8,12.2, 33 
stampfenbachstrasse,30/04/2021,07:00:01,Broken clouds,9,76,1.8,1011,N/A,13, 29 
stampfenbachstrasse,30/04/2021,08:00:01,Broken clouds,9,76,1.8,1010,N/A,15.3, 24 
stampfenbachstrasse,30/04/2021,09:00:01,Broken clouds,9,76,1.8,1010,11,16.4, 45 
stampfenbachstrasse,30/04/2021,10:00:01,Broken clouds,11,71,7.4,1009,N/A,17.5, 25 
stampfenbachstrasse,30/04/2021,11:00:01,Broken clouds,11,71,7.4,1009,N/A,18.1, 25 
stampfenbachstrasse,30/04/2021,12:00:01,Few clouds,13,67,9.3,1009,N/A,17.3, 25 
stampfenbachstrasse,30/04/2021,13:00:01,Few clouds,13,67,9.3,1009,N/A,16.1, 25 
stampfenbachstrasse,30/04/2021,14:00:01,Few clouds,14,67,9.3,1008,N/A,16.7, 26 
stampfenbachstrasse,30/04/2021,15:00:01,Few clouds,14,67,9.3,1008,12,20.2, 50 
stampfenbachstrasse,30/04/2021,16:00:01,Rain,10,71,18.5,1010,N/A,22.6, 23 
stampfenbachstrasse,30/04/2021,17:00:01,Rain,10,71,18.5,1010,10,15.6, 41 
stampfenbachstrasse,30/04/2021,18:00:01,Rain,7,87,9.3,1011,N/A,9.4, 20 
stampfenbachstrasse,30/04/2021,19:00:01,Rain,7,87,9.3,1011,N/A,9, 8 
stampfenbachstrasse,30/04/2021,20:00:02,Rain,7,87,9.3,1011,N/A,8.5, 21 
stampfenbachstrasse,30/04/2021,21:00:02,Rain,6,93,11.1,1012,N/A,8.3, 21 
stampfenbachstrasse,30/04/2021,22:00:01,Rain,6,93,11.1,1012,N/A,7.8, 23 
stampfenbachstrasse,30/04/2021,23:00:01,Rain,6,93,3.7,1013,N/A,8.7, 21 
stampfenbachstrasse,01/05/2021,01:00:01,Rain,6,93,3.7,1014,N/A,N/A, 3 
stampfenbachstrasse,01/05/2021,02:00:01,Rain,6,93,3.7,1014,N/A,N/A, 3 
stampfenbachstrasse,01/05/2021,03:00:01,Broken clouds,6,93,5.5,1013,12,18.6, 50 
stampfenbachstrasse,01/05/2021,04:00:01,Broken clouds,6,93,5.5,1013,12,17.8, 50 
stampfenbachstrasse,01/05/2021,23:00:03,Rain,6,93,5.5,1010,N/A,9.1, 23 
stampfenbachstrasse,02/05/2021,00:00:03,Rain,6,93,5.5,1010,N/A,7.9, 26 
stampfenbachstrasse,02/05/2021,01:00:03,Rain,5,93,11.1,1012,N/A,7.9, 26 
stampfenbachstrasse,02/05/2021,02:00:03,Rain,5,93,11.1,1012,N/A,7.9, 26 
stampfenbachstrasse,02/05/2021,03:00:02,Rain,4,93,5.5,1013,N/A,4.8, 30 
stampfenbachstrasse,02/05/2021,04:00:02,Rain,4,93,5.5,1013,2,3.8, 30 
stampfenbachstrasse,02/05/2021,05:00:03,Rain,4,93,3.7,1014,N/A,N/A, 29 
stampfenbachstrasse,02/05/2021,06:00:03,Rain,4,93,3.7,1014,2,4, 28 
stampfenbachstrasse,02/05/2021,07:00:02,Rain,4,100,1.8,1015,N/A,4.2, 4 
stampfenbachstrasse,02/05/2021,08:00:02,Rain,4,100,1.8,1015,4,5.3, 27 
stampfenbachstrasse,02/05/2021,09:00:03,Rain,4,100,1.8,1015,N/A,7.1, 28 
stampfenbachstrasse,02/05/2021,10:00:03,Rain,5,87,5.5,1017,N/A,8.3, 32 
stampfenbachstrasse,02/05/2021,11:00:03,Rain,5,87,5.5,1017,4,7.5, 31 
stampfenbachstrasse,02/05/2021,12:00:03,Rain,5,87,5.5,1017,N/A,7.7, 31 
stampfenbachstrasse,02/05/2021,13:00:03,Broken clouds,7,87,7.4,1018,N/A,N/A, 28 
stampfenbachstrasse,02/05/2021,14:00:03,Broken clouds,7,87,7.4,1018,6,10.5, 30 
stampfenbachstrasse,02/05/2021,15:00:03,Broken clouds,7,87,7.4,1018,N/A,12.5, 33 
stampfenbachstrasse,02/05/2021,16:00:03,Broken clouds,6,87,24.1,1018,N/A,13.4, 32 
stampfenbachstrasse,02/05/2021,17:00:02,Broken clouds,6,87,24.1,1018,6,9.8, 34 
stampfenbachstrasse,02/05/2021,18:00:02,Broken clouds,7,71,3.7,1019,N/A,10.1, 9 
stampfenbachstrasse,02/05/2021,19:00:03,Broken clouds,7,71,3.7,1019,6,10.9, 34 
stampfenbachstrasse,02/05/2021,20:00:03,Rain,7,71,9.3,1019,N/A,12.8, 34 
stampfenbachstrasse,02/05/2021,21:00:03,Rain,7,71,9.3,1019,N/A,N/A, 34 
stampfenbachstrasse,02/05/2021,22:00:03,Broken clouds,5,93,7.4,1021,N/A,8.5, 32 
stampfenbachstrasse,02/05/2021,23:00:03,Broken clouds,5,93,7.4,1021,8,11.8, 33 
stampfenbachstrasse,03/05/2021,00:00:03,Broken clouds,5,93,7.4,1021,N/A,9.4, 32 
stampfenbachstrasse,03/05/2021,01:00:03,Broken clouds,4,93,1.8,1022,N/A,9.4, 32 
stampfenbachstrasse,03/05/2021,02:00:03,Broken clouds,4,93,1.8,1022,N/A,9.4, 32 
stampfenbachstrasse,03/05/2021,03:00:02,Broken clouds,4,93,1.8,1022,N/A,10.4, 31 
stampfenbachstrasse,03/05/2021,04:00:02,Broken clouds,3,93,5.5,1023,N/A,10.1, 31 
stampfenbachstrasse,03/05/2021,05:00:03,Broken clouds,3,93,5.5,1023,6,9.7, 26 
stampfenbachstrasse,03/05/2021,06:00:03,Broken clouds,3,93,5.5,1023,N/A,N/A, 19 
stampfenbachstrasse,03/05/2021,07:00:02,Mist,1,100,1.8,1023,N/A,11.3, 10 
stampfenbachstrasse,03/05/2021,08:00:02,Mist,1,100,1.8,1023,N/A,12, 11 
stampfenbachstrasse,03/05/2021,09:00:03,Mist,3,100,1.3,1024,N/A,15.8, 14 
stampfenbachstrasse,03/05/2021,10:00:03,Mist,3,100,1.3,1024,13,17.9, 53 
stampfenbachstrasse,03/05/2021,11:00:03,Scattered clouds,6,76,2.1,1024,N/A,20, 18 
stampfenbachstrasse,03/05/2021,12:00:03,Scattered clouds,6,76,2.1,1024,11,16.3, 45 
stampfenbachstrasse,03/05/2021,13:00:03,Scattered clouds,10,50,9.3,1023,N/A,14.5, 33 
stampfenbachstrasse,03/05/2021,14:00:03,Scattered clouds,10,50,9.3,1023,N/A,11, 37 
stampfenbachstrasse,03/05/2021,15:00:03,Scattered clouds,13,43,5.5,1022,N/A,10.7, 39 
stampfenbachstrasse,03/05/2021,16:00:03,Scattered clouds,13,43,5.5,1022,6,10.2, 40 
stampfenbachstrasse,03/05/2021,17:00:02,Scattered clouds,13,43,5.5,1022,N/A,9.7, 40 
stampfenbachstrasse,03/05/2021,18:00:03,Few clouds,14,41,7.4,1020,N/A,10.7, 41 
stampfenbachstrasse,03/05/2021,19:00:03,Few clouds,14,41,7.4,1020,6,9.8, 41 
stampfenbachstrasse,03/05/2021,20:00:03,Few clouds,14,41,7.4,1020,N/A,9.1, 41 
stampfenbachstrasse,03/05/2021,21:00:03,Clear sky,12,38,9.3,1018,N/A,8.7, 41 
stampfenbachstrasse,03/05/2021,22:00:03,Clear sky,12,38,9.3,1018,5,8.8, 38 
stampfenbachstrasse,03/05/2021,23:00:02,Few clouds,8,66,3.7,1017,N/A,10.9, 25 
stampfenbachstrasse,04/05/2021,00:00:03,Few clouds,8,66,3.7,1017,6,10.9, 25 
stampfenbachstrasse,04/05/2021,01:00:03,Few clouds,5,75,9.3,1017,6,10.9, 25 
stampfenbachstrasse,04/05/2021,02:00:03,Few clouds,5,75,9.3,1017,6,10.9, 25 
stampfenbachstrasse,04/05/2021,03:00:02,Few clouds,5,75,1.8,1016,7,N/A, 29 
stampfenbachstrasse,04/05/2021,04:00:02,Few clouds,5,75,1.8,1016,6,9.8, 26 
stampfenbachstrasse,04/05/2021,05:00:03,Few clouds,5,75,1.8,1016,N/A,9.4, 36 
stampfenbachstrasse,04/05/2021,06:00:03,Clear sky,6,81,13,1014,N/A,9.3, 36 
stampfenbachstrasse,04/05/2021,07:00:03,Clear sky,6,81,13,1014,6,9.2, 25 
stampfenbachstrasse,04/05/2021,08:00:03,Clear sky,6,81,13,1014,N/A,9.2, 21 
stampfenbachstrasse,04/05/2021,09:00:03,Clear sky,6,75,5.5,1014,N/A,11.4, 19 
stampfenbachstrasse,04/05/2021,10:00:03,Clear sky,6,75,5.5,1014,8,12.7, 33 
stampfenbachstrasse,04/05/2021,11:00:03,Clear sky,6,75,5.5,1014,N/A,11.8, 31 
stampfenbachstrasse,04/05/2021,12:00:03,Clear sky,13,44,22.2,1013,N/A,14.8, 34 
stampfenbachstrasse,04/05/2021,13:00:03,Clear sky,13,44,22.2,1013,12,17.5, 50 
stampfenbachstrasse,04/05/2021,14:00:03,Clear sky,16,34,35.2,1012,N/A,18.9, 41 